time,reward,1,2,3,4,5,6,7,8,delay,replication
900,-387.2161,10,21,10,31,10,21,14,27,30.9592590332031,8050315
1800,-19.39,7,30,26,15,15,30,42,35,30.9592590332031,8050315
2700,-34.4253,7,30,26,15,30,30,42,35,29.2494506835937,8050315
3600,-234.6326,7,30,62,15,30,30,42,35,26.7242412567139,8050315
4500,-305.3471,7,30,35,15,30,30,42,35,22.9077930450439,8050315
5400,-398.5459,30,30,62,34,14,30,42,35,22.9077930450439,8050315
6300,-149.0745,30,30,62,34,14,30,42,35,26.3591442108154,8050315
7200,-30.9466,30,30,62,34,14,30,42,35,25.2024250030518,8050315
8100,-151.4746,30,30,62,34,14,30,42,35,23.5560913085938,8050315
9000,-34.8716,30,30,62,34,14,30,42,35,29.8390865325928,8050315
9900,-82.2341,30,30,62,34,14,30,42,35,25.9540023803711,8050315
10800,-139.3605,30,30,62,34,14,30,42,35,27.7328014373779,8050315
11700,-175.6003,30,30,62,34,14,30,42,35,32.5304260253906,8050315
12600,-78.1991,30,30,62,34,14,30,42,35,26.6376152038574,8050315
13500,-196.1733,30,30,62,34,14,30,42,35,27.7975254058838,8050315
14400,-63.9833,30,30,62,34,14,30,42,35,34.5075798034668,8050315
900,-231.4332,10,21,10,31,10,21,14,27,23.5857124328613,8050315
1800,-114.3323,7,30,26,15,30,30,42,35,26.9782333374023,8050315
900,-118.9649,10,21,10,31,10,21,14,27,21.9320220947266,8050315
2700,-210.4626,30,30,26,15,30,30,59,35,29.9445953369141,8050315
1800,-130.9848,7,30,26,15,30,30,42,35,29.1669025421143,8050315
2700,-44.0058,7,30,26,15,30,30,42,35,26.2054271697998,8050315
3600,-73.2607,7,30,26,15,30,30,42,35,29.9445953369141,8050315
4500,-144.4739,7,30,26,15,30,30,42,35,28.391019821167,8050315
3600,-284.0366,7,30,26,15,30,30,42,35,24.3175678253174,8050315
5400,-82.4136,30,30,62,34,14,30,42,35,24.5862007141113,8050315
6300,-20.2951,30,30,62,34,14,30,42,35,24.5862007141113,8050315
4500,-113.9552,7,30,26,15,30,30,42,35,27.6467533111572,8050315
900,-316.9492,10,21,10,31,10,21,14,27,27.2929706573486,8050315
7200,-146.8276,30,30,62,34,14,30,42,35,23.6998329162598,8050315
1800,-103.6638,7,30,26,15,30,30,42,35,27.2929706573486,8050315
5400,-2.3771,30,30,62,34,14,30,42,35,22.3896312713623,8050315
6300,-100.0495,30,30,62,34,14,30,42,35,22.3896312713623,8050315
8100,-192.992,30,30,62,34,14,30,42,33,24.4309749603271,8050315
2700,-235.4094,7,30,26,15,30,30,42,35,32.3609504699707,8050315
7200,-40.9488,30,30,62,34,14,30,42,35,25.0517578125,8050315
3600,-121.9116,7,30,26,15,30,30,42,35,29.9439601898193,8050315
9000,-150.9824,30,30,62,34,14,30,42,35,28.5266284942627,8050315
4500,-43.0377,7,30,26,34,30,30,42,35,29.9439601898193,8050315
8100,-188.207,30,30,62,34,14,30,42,35,25.9329414367676,8050315
9900,-210.6221,30,30,62,34,14,30,42,35,27.4612216949463,8050315
9000,-308.601,30,30,58,34,14,30,36,33,31.3916416168213,8050315
5400,-62.1286,30,30,62,34,14,30,42,35,22.8461818695068,8050315
6300,-152.819,30,30,62,34,14,30,42,35,22.8461818695068,8050315
10800,-58.6455,30,30,62,34,14,30,42,35,26.435131072998,8050315
9900,-295.8276,30,30,58,34,30,30,36,33,32.297534942627,8050315
900,-188.167,10,21,10,31,10,21,14,27,28.8164825439453,8050315
11700,-31.3069,30,30,62,34,14,30,42,35,26.435131072998,8050315
7200,-198.8013,30,30,62,34,14,30,42,35,24.7946186065674,8050315
10800,-179.6896,30,30,15,34,14,30,42,35,24.5131072998047,8050315
8100,-2.7686,30,30,62,34,14,30,42,35,24.7946186065674,8050315
12600,-46.3016,30,30,62,34,14,30,42,35,22.7604503631592,8050315
11700,-279.1179,30,30,62,34,30,30,42,33,24.5131072998047,8050315
1800,-182.9988,7,30,26,15,30,30,42,35,24.2103042602539,8050315
2700,-127.3485,7,30,26,15,30,30,42,35,24.2103042602539,8050315
12600,-225.7288,30,30,62,34,14,30,42,35,22.6646404266357,8050315
9000,-418.6003,30,30,62,34,14,30,42,35,28.0847492218018,8050315
13500,-59.9388,30,30,62,34,14,30,42,35,23.3477344512939,8050315
13500,-259.8324,30,30,62,34,14,30,42,35,28.0253677368164,8050315
14400,-1.9389,30,30,62,34,14,30,42,35,18.60964012146,8050315
3600,-85.8634,7,30,26,15,30,30,42,35,23.8316059112549,8050315
15300,-1115.2808,30,30,62,34,14,30,42,35,0,8050315
9900,-11.4633,30,30,62,34,14,30,42,35,24.8947105407715,8050315
16200,-2166.9712,30,30,62,34,14,30,42,35,0,8050315
14400,-11.5818,30,30,62,34,14,30,42,35,26.0781764984131,8050315
17100,0,30,30,62,34,14,30,42,35,0,8050315
15300,-639.4121,30,30,58,34,14,30,42,33,0,8050315
18000,0,30,30,62,34,14,30,42,35,0,8050315
16200,-2931.1269,30,30,62,34,14,30,42,35,0,8050315
4500,-143.6629,7,30,26,15,30,30,42,35,24.549617767334,8050315
10800,-202.5738,30,30,58,34,14,30,36,33,21.6532649993896,8050315
17100,0,30,30,62,34,14,30,42,35,0,8050315
18900,0,30,30,62,34,14,30,42,35,0,8050315
18000,0,30,30,62,34,14,30,42,35,0,8050315
19800,0,30,30,62,34,14,30,42,35,0,8050315
18900,0,30,30,62,34,14,30,42,35,0,8050315
20700,0,30,30,62,15,14,30,42,35,0,8050315
5400,-14.4755,30,30,62,34,14,30,42,35,23.9841270446777,8050315
19800,0,30,30,62,34,14,30,42,35,0,8050315
11700,-177.0489,30,30,62,34,14,30,42,35,24.437671661377,8050315
21600,0,30,30,62,34,14,30,42,35,0,8050315
20700,0,30,30,62,34,14,30,42,35,0,8050315
12600,-37.4804,30,30,62,34,30,30,42,35,24.437671661377,8050315
22500,0,30,30,62,34,14,30,42,35,0,8050315
21600,0,30,30,62,34,14,30,42,35,0,8050315
23400,0,30,30,62,34,14,30,42,35,0,8050315
6300,-256.2632,30,30,62,34,14,30,42,35,23.9841270446777,8050315
22500,0,30,30,62,34,14,30,42,35,0,8050315
24300,0,30,30,26,34,14,30,42,35,0,8050315
23400,0,30,30,62,34,14,30,42,35,0,8050315
25200,0,30,30,62,34,14,30,42,35,0,8050315
24300,0,30,30,62,34,14,30,42,35,0,8050315
26100,0,30,30,62,34,14,30,42,35,0,8050315
25200,0,30,30,62,34,14,30,42,35,0,8050315
27000,0,30,30,62,34,14,30,42,35,0,8050315
13500,-326.3507,30,30,62,34,14,30,42,35,26.2508277893066,8050315
26100,0,30,5,62,34,14,30,42,35,0,8050315
27000,0,30,30,62,34,14,30,42,35,0,8050315
14400,-17.0464,30,30,62,34,14,30,42,35,31.8870677947998,8050315
7200,-85.0098,30,30,58,34,14,30,42,35,23.8177375793457,8050315
27900,0,30,30,62,34,14,30,42,35,0,8050315
15300,-707.7508,30,30,62,34,14,30,42,35,0,8050315
28800,0,30,30,62,15,14,30,42,35,0,8050315
16200,-3913.8482,30,30,62,34,14,30,42,35,0,8050315
29700,0,30,30,62,34,14,30,42,35,0,8050315
17100,0,30,30,62,34,14,30,42,35,0,8050315
30600,0,30,30,62,34,14,30,42,35,0,8050315
8100,-60.4382,30,30,62,34,14,30,42,35,23.8177375793457,8050315
31500,0,30,30,62,34,14,30,42,35,0,8050315
18000,0,30,30,62,34,14,30,42,35,0,8050315
32400,0,30,30,62,34,14,30,42,35,0,8050315
33300,0,30,30,62,15,14,30,42,35,0,8050315
18900,0,30,30,62,34,14,30,42,35,0,8050315
9000,-84.1336,30,30,62,34,14,30,42,35,26.708475112915,8050315
34200,0,30,30,62,15,14,30,42,35,0,8050315
19800,0,30,30,62,34,14,30,42,35,0,8050315
35100,0,30,30,62,34,14,30,42,35,0,8050315
20700,0,30,30,62,34,14,30,42,35,0,8050315
36000,0,30,30,62,34,14,30,42,35,0,8050315
21600,0,30,30,62,34,14,30,42,35,0,8050315
36900,0,30,30,62,34,14,30,42,35,0,8050315
22500,0,30,30,62,34,14,30,42,35,0,8050315
37800,0,30,30,62,34,14,30,42,35,0,8050315
9900,-322.7734,30,30,62,34,30,30,36,33,24.8070945739746,8050315
23400,0,30,30,62,34,14,30,42,35,0,8050315
38700,0,30,30,62,36,14,30,42,35,0,8050315
24300,0,30,30,62,34,14,30,42,35,0,8050315
39600,0,30,30,62,34,14,30,42,35,0,8050315
25200,0,30,30,62,22,14,30,42,35,0,8050315
26100,0,30,30,62,34,14,30,42,35,0,8050315
27000,0,30,30,62,34,14,30,42,35,0,8050315
27900,0,30,30,62,34,14,30,42,35,0,8050315
10800,-47.0628,30,30,62,34,14,30,42,35,29.3657894134521,8050315
28800,0,30,30,62,34,14,30,42,35,0,8050315
29700,0,30,30,62,34,14,30,42,35,0,8050315
30600,0,30,30,62,34,14,30,42,35,0,8050315
11700,-53.3426,30,30,62,34,14,30,42,35,25.6479835510254,8050315
12600,-76.2051,30,30,62,34,14,30,42,35,30.3652439117432,8050315
13500,-12.8191,30,30,62,34,14,30,42,35,24.1781463623047,8050315
14400,-35.644,30,30,62,34,14,30,42,35,26.9870452880859,8050315
15300,-749.5317,30,30,58,34,14,30,36,33,0,8050315
16200,-3113.7841,30,30,62,34,14,30,42,35,0,8050315
17100,0,30,30,62,34,14,30,42,35,0,8050315
18000,0,30,30,62,34,14,30,42,35,0,8050315
900,-341.521,10,21,10,31,10,21,14,27,36.2549324035645,8050315
1800,-17.4753,7,30,26,15,30,30,42,35,36.2549324035645,8050315
2700,-190.872,7,30,26,15,30,30,42,35,27.7514400482178,8050315
900,-235.2004,10,21,10,31,10,21,14,27,23.5652236938477,8050315
1800,-5.1033,30,30,26,34,14,30,42,35,27.9902362823486,8050315
3600,-338.4376,7,30,26,34,14,30,42,35,27.6966152191162,8050315
4500,-147.5436,7,30,26,15,30,30,42,35,27.6966152191162,8050315
2700,-436.2999,7,30,26,15,30,30,42,35,23.9709911346436,8050315
900,-221.0327,10,21,10,31,10,21,14,27,24.4528045654297,8050315
5400,-35.5451,30,30,62,34,14,30,42,35,26.3167591094971,8050315
3600,-92.195,7,30,26,15,30,30,42,35,26.4125461578369,8050315
4500,-106.5655,7,30,26,15,30,30,42,35,26.4125461578369,8050315
1800,-488.9879,7,30,26,15,30,30,42,35,26.3213939666748,8050315
2700,-39.7874,7,30,26,15,30,30,42,35,26.3213939666748,8050315
6300,-244.7316,30,30,62,34,14,30,42,35,23.1498870849609,8050315
7200,-21.2616,30,30,62,34,14,30,42,35,23.1498870849609,8050315
900,-711.5878,10,21,10,31,10,21,14,27,23.763011932373,8050315
5400,-173.1791,30,30,62,34,14,30,42,35,24.2923851013184,8050315
3600,-601.8644,7,30,26,15,30,30,42,35,27.2696590423584,8050315
1800,-125.5207,7,30,26,15,30,30,42,35,24.9937133789062,8050315
6300,-173.351,30,30,62,34,14,30,42,35,25.1101016998291,8050315
8100,-310.5937,30,30,62,34,14,30,42,35,23.5460777282715,8050315
4500,-151.0665,30,30,62,34,14,30,42,35,27.2696590423584,8050315
2700,-20.0499,7,30,26,15,30,30,42,35,24.9937133789062,8050315
7200,-234.636,30,30,62,34,14,30,42,35,23.4894905090332,8050315
9000,-84.0188,30,30,62,34,14,30,42,35,26.5531673431396,8050315
5400,-389.7394,30,30,62,34,14,30,42,35,20.573450088501,8050315
9900,-40.6342,30,30,62,34,14,30,42,35,26.5531673431396,8050315
3600,-255.4329,7,30,26,15,30,30,42,35,23.7230987548828,8050315
8100,-74.2834,30,30,62,34,14,30,42,35,24.092004776001,8050315
9000,-9.3193,30,30,62,34,14,30,42,35,24.092004776001,8050315
6300,-75.5925,30,30,62,34,14,30,42,35,31.0609169006348,8050315
4500,-16.9565,30,30,62,34,14,30,42,35,26.6174640655518,8050315
10800,-119.6519,30,30,62,34,14,30,42,35,27.6353816986084,8050315
7200,-70.9014,30,30,62,34,14,30,42,35,25.9111518859863,8050315
11700,-346.6824,30,30,58,34,30,30,36,35,26.7226257324219,8050315
5400,-257.2195,30,30,62,34,14,30,42,35,22.7980556488037,8050315
9900,-315.2999,30,30,62,34,14,30,42,35,26.0057144165039,8050315
8100,-196.3681,30,30,62,34,14,30,42,33,26.4273357391357,8050315
6300,-128.1758,30,30,62,34,14,30,42,35,26.8246765136719,8050315
12600,-128.2168,30,30,62,34,14,30,42,35,23.9914283752441,8050315
10800,-83.9839,30,30,62,34,14,30,42,35,26.4867210388184,8050315
9000,-69.5205,30,30,62,34,14,30,42,35,26.4273357391357,8050315
11700,-3.6837,30,30,62,34,14,30,42,35,26.4867210388184,8050315
7200,-47.4435,30,30,62,34,14,30,42,35,27.0392074584961,8050315
13500,-284.7679,30,30,62,34,14,30,42,35,25.9559516906738,8050315
14400,-9.3315,30,30,62,34,14,30,42,35,43.1898040771484,8050315
15300,-1308.0369,30,30,58,34,14,30,36,33,0,8050315
9900,-125.4107,30,30,62,34,14,30,42,35,25.0572891235352,8050315
8100,-73.3003,30,30,62,34,14,30,42,35,27.0392074584961,8050315
16200,-2018.6772,30,30,62,34,14,30,42,35,0,8050315
17100,0,30,30,62,34,14,30,42,35,0,8050315
12600,-274.8488,30,30,62,34,14,30,42,35,27.1757411956787,8050315
13500,-12.0276,30,30,62,34,14,30,42,35,27.1757411956787,8050315
10800,-50.3998,30,30,62,34,14,30,42,35,22.3230247497559,8050315
9000,-150.816,30,30,62,34,14,30,42,35,25.2125091552734,8050315
11700,-59.0589,30,30,62,34,14,30,42,35,22.3230247497559,8050315
9900,-1.8634,30,30,58,34,30,30,36,33,25.2125091552734,8050315
14400,-187.029,30,30,62,34,14,30,42,35,27.0550060272217,8050315
15300,-94.2707,30,30,58,34,30,30,42,33,0,8050315
16200,-5046.6702,30,30,62,34,14,30,42,35,0,8050315
12600,-146.5501,30,30,62,34,14,30,42,35,29.3019580841064,8050315
17100,0,30,30,62,34,14,30,42,35,0,8050315
18000,0,30,30,62,34,14,30,42,35,0,8050315
10800,-960.7262,30,30,58,34,30,30,36,33,23.4000473022461,8050315
13500,-3.3057,30,30,62,34,14,30,42,35,21.5336513519287,8050315
18900,0,30,30,15,34,14,30,42,35,0,8050315
14400,-36.6174,30,30,62,34,14,30,42,35,0,8050315
19800,0,30,30,62,34,14,30,42,35,0,8050315
15300,-5533.8935,30,30,62,34,14,30,42,35,0,8050315
20700,0,30,30,62,34,14,30,42,35,0,8050315
16200,0,30,30,62,34,14,30,42,35,0,8050315
21600,0,30,30,62,34,14,30,42,35,0,8050315
11700,-304.5122,30,30,62,34,14,30,42,35,27.8673763275146,8050315
17100,0,30,30,62,22,14,30,42,35,0,8050315
22500,0,30,30,62,34,14,30,42,35,0,8050315
18000,0,30,30,62,34,14,30,42,35,0,8050315
23400,0,30,30,62,34,14,30,42,35,0,8050315
18900,0,30,30,62,34,14,30,42,35,0,8050315
24300,0,30,30,62,34,14,30,42,35,0,8050315
19800,0,30,30,62,34,14,30,42,35,0,8050315
25200,0,30,30,62,34,14,30,42,35,0,8050315
12600,-36.9468,30,30,62,34,14,30,42,35,28.1893196105957,8050315
20700,0,30,30,62,34,14,30,42,35,0,8050315
26100,0,30,30,62,34,14,30,42,35,0,8050315
21600,0,30,30,62,34,14,30,42,35,0,8050315
13500,-36.5809,30,30,62,34,14,30,42,35,34.7898483276367,8050315
27000,0,30,30,62,34,14,30,42,35,0,8050315
27900,0,30,30,62,34,14,30,42,35,0,8050315
14400,-1387.5168,30,30,62,34,14,30,42,35,0,8050315
22500,0,30,30,62,34,14,30,42,35,0,8050315
28800,0,30,30,62,34,14,30,42,35,0,8050315
15300,-3944.4574,30,30,62,34,14,30,42,35,0,8050315
23400,0,30,30,62,34,14,30,42,35,0,8050315
29700,0,30,30,62,34,14,30,42,35,0,8050315
16200,0,30,30,62,50,14,30,42,35,0,8050315
24300,0,30,30,38,34,14,30,42,35,0,8050315
30600,0,30,30,62,34,14,30,42,35,0,8050315
17100,0,30,30,62,15,14,30,42,35,0,8050315
25200,0,30,30,62,34,14,30,42,35,0,8050315
31500,0,30,30,62,34,14,30,42,35,0,8050315
26100,0,30,30,62,34,14,30,42,35,0,8050315
18000,0,30,30,62,34,14,30,42,35,0,8050315
32400,0,30,30,62,34,14,30,42,35,0,8050315
18900,0,30,30,62,34,14,30,42,35,0,8050315
27000,0,30,30,62,34,14,30,42,35,0,8050315
33300,0,30,30,62,34,14,30,42,35,0,8050315
19800,0,30,30,62,34,14,30,42,35,0,8050315
27900,0,30,30,62,34,14,30,42,35,0,8050315
34200,0,30,30,62,34,14,30,42,35,0,8050315
20700,0,30,30,62,34,14,30,42,35,0,8050315
28800,0,30,30,62,34,14,30,42,35,0,8050315
35100,0,30,30,62,34,14,30,42,35,0,8050315
21600,0,30,30,62,34,14,30,42,35,0,8050315
29700,0,30,30,62,34,14,30,42,35,0,8050315
36000,0,30,30,62,34,14,30,42,35,0,8050315
22500,0,30,30,62,34,14,30,42,35,0,8050315
30600,0,30,30,62,34,14,30,42,35,0,8050315
36900,0,30,30,62,34,14,30,42,35,0,8050315
23400,0,30,30,62,69,14,30,42,35,0,8050315
31500,0,30,30,62,34,14,30,42,35,0,8050315
37800,0,30,30,62,34,14,30,42,35,0,8050315
24300,0,30,30,62,34,14,30,42,35,0,8050315
32400,0,30,30,62,34,14,30,42,35,0,8050315
25200,0,30,30,62,34,14,30,42,35,0,8050315
38700,0,30,30,62,34,14,30,42,35,0,8050315
33300,0,30,30,62,34,14,30,42,35,0,8050315
26100,0,30,30,62,34,14,30,42,35,0,8050315
39600,0,30,30,62,34,14,30,42,35,0,8050315
34200,0,30,30,62,34,14,30,42,35,0,8050315
27000,0,30,30,62,34,14,30,42,35,0,8050315
40500,0,30,30,62,34,14,30,42,35,0,8050315
35100,0,30,30,62,34,14,30,42,35,0,8050315
27900,0,30,30,62,34,14,30,42,35,0,8050315
41400,0,30,30,62,34,14,30,42,35,0,8050315
36000,0,30,30,62,34,14,30,42,35,0,8050315
28800,0,30,30,62,34,14,30,42,35,0,8050315
42300,0,30,30,62,15,14,30,42,35,0,8050315
36900,0,30,30,62,34,14,30,42,35,0,8050315
43200,0,30,30,62,34,14,30,42,35,0,8050315
37800,0,30,30,62,34,14,30,42,35,0,8050315
44100,0,30,30,62,34,14,30,42,35,0,8050315
29700,0,30,30,62,34,14,30,42,35,0,8050315
38700,0,30,30,62,34,14,30,42,35,0,8050315
30600,0,30,30,62,34,14,30,42,35,0,8050315
45000,0,30,30,62,34,14,30,42,35,0,8050315
39600,0,30,30,62,34,14,30,42,35,0,8050315
31500,0,30,30,62,15,14,30,42,35,0,8050315
40500,0,30,30,15,34,14,30,42,35,0,8050315
45900,0,30,30,62,34,14,30,42,35,0,8050315
32400,0,30,30,62,34,14,30,42,35,0,8050315
41400,0,30,30,62,34,14,30,42,35,0,8050315
46800,0,30,30,62,34,14,30,42,35,0,8050315
33300,0,30,30,62,34,14,30,42,35,0,8050315
42300,0,30,30,62,34,14,30,42,52,0,8050315
47700,0,30,30,62,34,14,30,42,35,0,8050315
34200,0,30,30,62,34,14,30,42,35,0,8050315
43200,0,30,30,62,34,14,30,42,35,0,8050315
48600,0,30,30,62,34,14,30,42,35,0,8050315
35100,0,30,30,62,34,14,30,42,35,0,8050315
44100,0,30,30,62,69,14,30,42,35,0,8050315
49500,0,30,30,62,34,14,30,42,35,0,8050315
36000,0,30,30,62,34,14,30,42,35,0,8050315
50400,0,30,30,62,34,14,30,42,35,0,8050315
45000,0,30,30,62,34,14,30,42,35,0,8050315
36900,0,30,30,62,34,30,30,42,35,0,8050315
51300,0,30,30,62,34,14,30,42,35,0,8050315
45900,0,30,30,62,34,14,30,42,35,0,8050315
37800,0,30,30,62,34,14,30,42,35,0,8050315
52200,0,30,30,62,34,14,30,42,35,0,8050315
46800,0,30,30,62,34,14,30,42,35,0,8050315
38700,0,30,30,62,34,14,30,42,35,0,8050315
53100,0,30,30,62,34,14,30,42,35,0,8050315
47700,0,30,30,62,34,14,30,42,35,0,8050315
39600,0,30,30,62,34,14,30,42,35,0,8050315
54000,0,30,30,62,34,14,30,42,35,0,8050315
48600,0,30,30,62,34,30,30,42,35,0,8050315
40500,0,30,30,15,34,14,30,42,35,0,8050315
54900,0,30,30,62,34,14,30,42,35,0,8050315
49500,0,30,30,62,34,14,30,42,35,0,8050315
41400,0,30,30,62,34,14,30,42,35,0,8050315
50400,0,30,30,62,34,14,30,42,35,0,8050315
55800,0,30,30,62,34,14,30,42,35,0,8050315
42300,0,30,30,62,34,14,30,42,35,0,8050315
51300,0,30,30,62,34,14,30,42,35,0,8050315
43200,0,30,30,62,34,14,30,42,35,0,8050315
52200,0,30,30,62,34,14,30,42,35,0,8050315
56700,0,30,30,62,34,14,30,42,35,0,8050315
53100,0,30,30,62,34,14,30,42,35,0,8050315
44100,0,30,30,62,34,14,30,42,35,0,8050315
57600,0,30,30,62,34,14,30,42,35,0,8050315
54000,0,30,30,62,34,14,30,42,35,0,8050315
45000,0,30,30,62,34,14,30,42,35,0,8050315
58500,0,30,30,62,34,14,30,42,35,0,8050315
54900,0,30,30,62,34,14,30,42,35,0,8050315
45900,0,30,30,62,34,14,30,42,35,0,8050315
46800,0,30,30,62,15,14,30,42,35,0,8050315
55800,0,30,30,62,34,14,30,42,35,0,8050315
59400,0,30,30,62,34,14,30,42,35,0,8050315
47700,0,30,30,15,34,14,30,42,35,0,8050315
60300,0,30,30,62,34,14,30,42,35,0,8050315
56700,0,30,30,62,34,14,30,42,35,0,8050315
48600,0,30,30,62,34,14,30,42,35,0,8050315
61200,0,30,30,62,34,14,30,42,35,0,8050315
57600,0,30,30,62,34,14,30,42,35,0,8050315
49500,0,30,30,62,15,14,30,42,35,0,8050315
62100,0,30,30,62,34,14,30,42,35,0,8050315
50400,0,30,30,62,34,14,30,42,35,0,8050315
58500,0,30,30,62,34,14,30,42,35,0,8050315
63000,0,30,30,15,34,14,30,42,35,0,8050315
59400,0,30,30,62,34,14,30,42,35,0,8050315
51300,0,30,30,62,34,14,30,42,35,0,8050315
63900,0,30,30,62,34,14,30,42,35,0,8050315
60300,0,30,30,62,34,14,30,42,35,0,8050315
52200,0,30,30,62,34,14,30,42,35,0,8050315
64800,0,30,30,62,34,14,30,42,35,0,8050315
61200,0,30,30,62,34,14,30,42,35,0,8050315
53100,0,30,30,62,34,14,30,42,35,0,8050315
65700,0,30,30,62,34,14,30,42,35,0,8050315
66600,0,30,30,62,34,14,30,42,35,0,8050315
62100,0,30,30,62,34,14,30,42,35,0,8050315
54000,0,30,30,62,34,14,30,42,35,0,8050315
63000,0,30,5,62,34,14,30,42,35,0,8050315
54900,0,30,30,62,34,14,30,42,35,0,8050315
67500,0,30,30,62,34,14,30,42,35,0,8050315
68400,0,30,30,62,34,14,30,42,35,0,8050315
63900,0,30,30,62,34,14,30,42,35,0,8050315
69300,0,30,30,62,34,14,30,42,35,0,8050315
64800,0,30,30,62,69,14,30,42,35,0,8050315
70200,0,30,30,62,34,14,30,42,35,0,8050315
65700,0,30,30,62,34,14,30,42,35,0,8050315
55800,0,30,30,62,34,14,30,42,35,0,8050315
66600,0,30,30,62,34,14,30,42,35,0,8050315
71100,0,30,30,62,34,14,30,42,35,0,8050315
56700,0,30,30,62,34,14,30,42,35,0,8050315
72000,0,30,30,62,34,14,30,42,35,0,8050315
67500,0,30,30,62,34,14,30,42,35,0,8050315
57600,0,30,30,62,34,14,30,42,35,0,8050315
58500,0,30,30,62,34,14,30,42,35,0,8050315
72900,0,30,30,62,34,14,30,42,35,0,8050315
68400,0,30,30,62,34,30,30,42,35,0,8050315
73800,0,30,30,62,34,14,30,42,35,0,8050315
59400,0,30,30,62,34,14,30,42,35,0,8050315
69300,0,30,30,62,34,14,30,42,35,0,8050315
74700,0,30,30,62,69,14,30,42,35,0,8050315
60300,0,30,30,62,34,14,30,42,35,0,8050315
70200,0,30,30,62,34,14,30,42,35,0,8050315
61200,0,30,30,62,34,14,30,42,35,0,8050315
62100,0,30,30,62,34,14,30,42,35,0,8050315
71100,0,30,30,62,34,14,30,42,35,0,8050315
75600,0,30,30,62,34,30,30,42,35,0,8050315
63000,0,30,30,62,34,14,30,42,35,0,8050315
76500,0,30,30,62,34,14,30,42,35,0,8050315
72000,0,30,30,62,34,14,30,42,35,0,8050315
63900,0,30,30,62,34,14,30,42,35,0,8050315
72900,0,30,30,62,34,14,30,42,35,0,8050315
77400,0,30,30,62,34,14,30,42,35,0,8050315
64800,0,30,30,62,34,14,30,42,35,0,8050315
73800,0,30,30,62,34,14,30,42,35,0,8050315
78300,0,30,30,62,34,14,30,42,35,0,8050315
74700,0,30,30,62,34,14,30,42,35,0,8050315
65700,0,30,30,62,34,14,30,42,35,0,8050315
79200,0,30,30,62,69,14,30,42,35,0,8050315
75600,0,30,30,62,34,14,30,42,35,0,8050315
66600,0,30,30,62,34,14,30,42,35,0,8050315
80100,0,30,30,62,34,14,30,42,35,0,8050315
76500,0,30,30,62,34,14,30,42,35,0,8050315
67500,0,30,30,62,34,14,30,42,35,0,8050315
81000,0,30,30,62,34,14,30,42,35,0,8050315
77400,0,30,30,62,34,14,30,42,35,0,8050315
68400,0,30,30,62,34,14,30,42,35,0,8050315
81900,0,30,30,62,34,14,30,42,35,0,8050315
78300,0,30,30,62,34,14,30,42,35,0,8050315
69300,0,30,30,62,34,14,30,42,35,0,8050315
82800,0,30,30,62,34,14,30,42,35,0,8050315
79200,0,30,30,62,34,14,30,42,35,0,8050315
70200,0,30,30,62,34,14,30,42,35,0,8050315
83700,0,30,30,62,34,14,30,42,35,0,8050315
71100,0,30,30,62,34,14,30,42,35,0,8050315
80100,0,30,30,62,34,14,30,42,35,0,8050315
84600,0,30,30,62,34,14,30,42,35,0,8050315
72000,0,30,30,62,34,14,30,42,35,0,8050315
81000,0,30,30,62,34,14,30,42,35,0,8050315
85500,0,30,30,62,34,14,30,42,35,0,8050315
72900,0,30,30,62,34,14,30,42,35,0,8050315
81900,0,30,30,62,34,14,30,42,35,0,8050315
86400,0,30,30,62,34,14,30,42,35,0,8050315
73800,0,30,30,62,34,14,30,42,35,0,8050315
82800,0,30,30,62,34,14,30,42,35,0,8050315
87300,0,30,30,62,22,14,30,42,35,0,8050315
74700,0,30,30,62,34,14,30,42,35,0,8050315
83700,0,30,30,62,34,14,30,42,35,0,8050315
88200,0,30,30,62,34,14,30,42,35,0,8050315
75600,0,30,30,62,34,14,30,42,35,0,8050315
84600,0,30,30,62,34,14,30,42,35,0,8050315
89100,0,30,30,62,34,14,30,42,35,0,8050315
76500,0,30,30,62,34,14,30,42,35,0,8050315
85500,0,30,30,62,34,14,30,42,35,0,8050315
90000,0,30,30,62,34,14,30,42,35,0,8050315
77400,0,30,30,62,34,14,30,42,35,0,8050315
86400,0,30,30,62,34,14,30,42,35,0,8050315
90900,0,7,30,62,34,14,30,42,35,0,8050315
78300,0,30,30,62,34,14,30,42,35,0,8050315
87300,0,30,30,62,34,14,30,42,35,0,8050315
91800,0,30,30,25,34,14,30,42,35,0,8050315
79200,0,30,30,26,34,14,30,42,35,0,8050315
88200,0,30,30,62,34,14,30,42,35,0,8050315
92700,0,30,30,62,34,14,30,42,35,0,8050315
89100,0,30,30,62,34,14,30,42,35,0,8050315
80100,0,30,30,62,34,14,30,42,35,0,8050315
93600,0,30,30,62,34,14,30,42,35,0,8050315
81000,0,30,30,62,34,14,30,42,35,0,8050315
90000,0,30,30,62,34,14,30,42,35,0,8050315
94500,0,30,30,62,34,14,30,42,35,0,8050315
81900,0,30,30,62,34,14,30,42,35,0,8050315
90900,0,30,30,62,15,14,30,42,35,0,8050315
95400,0,30,30,62,34,14,30,42,35,0,8050315
91800,0,30,30,62,34,14,30,42,35,0,8050315
82800,0,30,30,62,34,14,30,42,35,0,8050315
96300,0,30,30,15,34,14,30,42,35,0,8050315
92700,0,30,30,62,34,30,30,42,35,0,8050315
83700,0,30,30,62,34,14,30,42,35,0,8050315
97200,0,30,30,62,34,14,30,42,35,0,8050315
84600,0,30,30,62,34,14,30,42,35,0,8050315
93600,0,30,30,62,34,14,30,42,35,0,8050315
98100,0,30,30,62,34,14,30,42,35,0,8050315
85500,0,30,30,62,34,14,30,42,35,0,8050315
99000,0,30,30,62,34,14,30,42,35,0,8050315
94500,0,30,30,62,34,14,30,42,35,0,8050315
86400,0,30,30,62,34,14,30,42,35,0,8050315
99900,0,30,30,62,34,14,30,42,35,0,8050315
95400,0,30,30,62,34,14,30,42,35,0,8050315
87300,0,30,30,62,34,14,30,42,16,0,8050315
100800,0,30,30,62,34,14,30,42,35,0,8050315
96300,0,30,30,62,34,14,30,42,35,0,8050315
88200,0,30,30,62,34,14,30,42,35,0,8050315
101700,0,30,30,62,34,14,30,42,35,0,8050315
97200,0,30,30,62,34,14,30,42,35,0,8050315
89100,0,30,30,62,34,14,30,42,35,0,8050315
98100,0,30,30,62,34,14,30,42,35,0,8050315
102600,0,30,30,62,34,14,30,42,35,0,8050315
90000,0,30,30,62,34,14,30,42,35,0,8050315
99000,0,30,30,62,34,14,30,42,35,0,8050315
103500,0,30,30,62,34,14,30,42,35,0,8050315
90900,0,30,30,62,34,14,30,42,35,0,8050315
99900,0,30,30,38,34,14,30,42,35,0,8050315
104400,0,30,30,62,34,14,30,42,35,0,8050315
91800,0,30,30,62,34,14,30,42,35,0,8050315
100800,0,30,30,62,34,14,30,42,35,0,8050315
105300,0,30,30,62,34,14,30,42,35,0,8050315
101700,0,30,30,62,34,14,30,42,35,0,8050315
92700,0,30,30,15,34,14,30,42,35,0,8050315
106200,0,30,5,62,15,14,30,42,35,0,8050315
102600,0,30,30,62,34,14,30,42,35,0,8050315
93600,0,30,30,62,34,14,30,42,35,0,8050315
107100,0,30,30,62,34,14,30,42,35,0,8050315
103500,0,30,30,62,34,14,30,42,35,0,8050315
94500,0,30,30,62,34,14,30,42,35,0,8050315
108000,0,30,30,62,34,14,30,42,35,0,8050315
104400,0,30,30,62,34,14,30,42,35,0,8050315
95400,0,30,30,62,34,14,30,42,35,0,8050315
108900,0,30,30,62,34,14,30,42,35,0,8050315
105300,0,30,30,62,34,14,30,42,35,0,8050315
96300,0,30,30,62,34,14,30,42,35,0,8050315
109800,0,30,30,62,34,14,30,42,35,0,8050315
106200,0,30,30,62,34,14,30,42,35,0,8050315
97200,0,30,30,62,34,14,30,42,35,0,8050315
107100,0,30,30,62,34,14,30,42,35,0,8050315
110700,0,30,30,62,34,14,30,42,35,0,8050315
98100,0,30,30,62,34,14,30,42,35,0,8050315
108000,0,30,30,62,34,14,30,42,35,0,8050315
99000,0,30,30,62,34,14,30,42,35,0,8050315
111600,0,30,30,62,15,14,30,42,35,0,8050315
108900,0,30,30,62,34,14,30,42,35,0,8050315
99900,0,30,30,62,34,14,30,42,35,0,8050315
109800,0,30,30,62,34,14,30,42,35,0,8050315
100800,0,30,30,62,34,14,30,42,35,0,8050315
110700,0,30,30,62,34,14,30,42,35,0,8050315
101700,0,30,30,62,34,14,30,42,35,0,8050315
111600,0,30,30,62,34,14,30,42,35,0,8050315
112500,0,30,30,62,34,14,30,42,35,0,8050315
102600,0,30,30,62,34,14,30,42,35,0,8050315
103500,0,30,30,62,34,14,30,42,35,0,8050315
113400,0,30,30,62,34,14,30,42,35,0,8050315
112500,0,30,30,62,34,14,30,42,35,0,8050315
114300,0,30,30,62,34,14,30,42,35,0,8050315
113400,0,30,30,62,34,14,30,42,35,0,8050315
104400,0,30,30,62,34,14,30,42,35,0,8050315
115200,0,30,30,62,34,14,30,42,35,0,8050315
114300,0,30,30,62,34,14,30,42,35,0,8050315
105300,0,30,30,62,34,14,30,42,35,0,8050315
116100,0,30,30,62,34,14,30,42,35,0,8050315
115200,0,30,30,62,34,14,30,42,35,0,8050315
106200,0,30,30,62,34,14,30,42,35,0,8050315
116100,0,30,30,62,34,14,30,42,35,0,8050315
117000,0,30,30,62,69,14,30,42,35,0,8050315
107100,0,30,30,62,34,14,30,42,35,0,8050315
117900,0,30,30,62,34,14,30,42,35,0,8050315
117000,0,30,30,62,34,14,30,42,35,0,8050315
108000,0,30,30,62,34,14,30,42,35,0,8050315
108900,0,30,30,62,34,14,30,42,35,0,8050315
118800,0,30,30,38,34,14,30,42,35,0,8050315
109800,0,30,30,62,34,14,30,42,35,0,8050315
119700,0,30,30,62,34,14,30,42,35,0,8050315
117900,0,30,30,62,34,14,30,42,35,0,8050315
110700,0,30,30,62,15,14,30,42,35,0,8050315
120600,0,30,30,62,34,30,30,42,35,0,8050315
118800,0,30,30,62,34,14,30,42,35,0,8050315
121500,0,30,30,62,34,14,30,42,35,0,8050315
119700,0,30,30,62,34,14,30,42,35,0,8050315
111600,0,30,30,62,34,14,30,42,35,0,8050315
120600,0,30,30,62,34,14,30,42,35,0,8050315
122400,0,30,30,62,34,14,30,42,35,0,8050315
112500,0,30,30,62,34,14,30,42,35,0,8050315
121500,0,30,30,62,34,14,30,42,35,0,8050315
113400,0,30,30,62,34,14,30,42,35,0,8050315
123300,0,30,30,62,34,14,30,42,35,0,8050315
122400,0,30,30,62,34,14,30,42,35,0,8050315
114300,0,30,30,62,34,14,30,42,35,0,8050315
123300,0,30,30,62,34,14,30,42,35,0,8050315
115200,0,30,30,62,34,14,30,42,35,0,8050315
124200,0,30,30,62,34,14,30,42,35,0,8050315
124200,0,30,30,62,34,14,30,42,35,0,8050315
116100,0,30,5,62,34,14,30,42,35,0,8050315
125100,0,30,30,62,34,14,30,42,35,0,8050315
125100,0,30,30,62,34,14,30,42,35,0,8050315
117000,0,30,30,62,34,14,30,42,35,0,8050315
126000,0,30,30,62,34,14,30,42,35,0,8050315
126000,0,30,30,62,34,14,30,42,35,0,8050315
117900,0,30,30,62,34,14,30,42,35,0,8050315
126900,0,30,30,62,34,14,30,42,35,0,8050315
126900,0,30,30,62,34,14,30,42,35,0,8050315
118800,0,30,30,62,34,14,30,42,35,0,8050315
127800,0,30,30,62,34,14,30,42,60,0,8050315
127800,0,30,30,62,34,14,30,42,35,0,8050315
119700,0,30,30,62,34,14,30,42,35,0,8050315
128700,0,30,30,62,34,14,30,42,35,0,8050315
120600,0,30,30,62,34,14,30,42,35,0,8050315
121500,0,30,30,62,34,14,30,42,35,0,8050315
129600,0,30,30,62,34,14,30,42,35,0,8050315
122400,0,30,30,62,34,14,30,42,35,0,8050315
130500,0,30,30,62,34,14,30,42,35,0,8050315
128700,0,30,30,62,34,14,30,42,35,0,8050315
123300,0,30,30,62,34,14,30,42,35,0,8050315
131400,0,30,30,62,34,14,30,42,35,0,8050315
129600,0,30,30,62,34,14,30,42,35,0,8050315
124200,0,30,30,62,34,14,30,42,35,0,8050315
132300,0,30,30,62,34,14,30,42,35,0,8050315
130500,0,30,30,62,34,14,30,42,35,0,8050315
133200,0,30,30,62,34,14,30,42,35,0,8050315
131400,0,30,30,62,34,14,30,42,35,0,8050315
134100,0,30,30,62,34,14,30,42,35,0,8050315
125100,0,30,5,62,34,14,30,42,35,0,8050315
132300,0,30,30,62,34,14,30,42,35,0,8050315
135000,0,30,30,62,34,14,30,42,35,0,8050315
126000,0,30,30,62,34,14,30,42,35,0,8050315
133200,0,30,30,62,34,14,30,42,35,0,8050315
135900,0,30,30,62,34,14,30,42,35,0,8050315
126900,0,30,30,62,34,14,30,42,35,0,8050315
134100,0,30,30,62,34,14,30,42,35,0,8050315
136800,0,30,30,62,34,14,30,42,35,0,8050315
127800,0,30,30,62,34,14,30,42,35,0,8050315
135000,0,30,30,62,34,14,30,42,35,0,8050315
128700,0,30,30,62,34,14,30,42,35,0,8050315
135900,0,30,30,62,34,14,30,42,35,0,8050315
137700,0,30,30,62,34,14,30,42,35,0,8050315
129600,0,30,30,62,34,14,30,42,35,0,8050315
138600,0,30,30,62,34,14,30,42,35,0,8050315
136800,0,30,30,62,34,14,30,42,35,0,8050315
130500,0,30,30,62,34,30,30,42,35,0,8050315
137700,0,30,30,62,34,14,30,42,35,0,8050315
131400,0,30,30,62,34,14,30,42,35,0,8050315
138600,0,30,30,62,34,14,30,42,35,0,8050315
132300,0,30,30,62,34,14,30,42,35,0,8050315
139500,0,30,30,62,34,14,30,42,35,0,8050315
133200,0,30,30,62,34,14,30,42,35,0,8050315
139500,0,30,30,62,34,14,30,42,35,0,8050315
140400,0,30,30,62,34,14,30,42,35,0,8050315
134100,0,30,30,62,34,14,30,42,35,0,8050315
141300,0,30,30,62,34,14,30,42,35,0,8050315
140400,0,30,30,62,34,14,30,42,35,0,8050315
141300,0,30,30,62,34,14,30,42,35,0,8050315
135000,0,30,30,62,34,14,30,42,35,0,8050315
142200,0,30,30,62,34,14,30,42,35,0,8050315
142200,0,30,30,62,34,14,30,42,35,0,8050315
135900,0,30,30,62,34,14,30,42,35,0,8050315
143100,0,30,30,62,34,14,30,42,35,0,8050315
143100,0,30,30,62,34,14,30,42,35,0,8050315
144000,0,30,30,62,34,14,30,42,35,0,8050315
136800,0,30,30,62,34,14,30,42,35,0,8050315
144000,0,30,30,62,34,14,30,42,35,0,8050315
144900,0,30,30,62,34,14,30,42,35,0,8050315
137700,0,30,30,62,34,14,30,42,35,0,8050315
144900,0,30,30,62,34,14,30,42,35,0,8050315
145800,0,30,30,62,69,14,30,42,35,0,8050315
138600,0,30,30,62,34,14,30,42,35,0,8050315
145800,0,30,30,62,34,14,30,42,35,0,8050315
146700,0,30,30,62,34,14,30,42,35,0,8050315
139500,0,30,30,62,34,14,30,42,35,0,8050315
146700,0,30,30,62,34,14,30,42,35,0,8050315
147600,0,30,30,62,34,14,30,42,35,0,8050315
140400,0,30,30,62,34,14,30,42,35,0,8050315
147600,0,30,30,62,34,14,30,42,35,0,8050315
148500,0,30,30,62,34,14,30,42,35,0,8050315
141300,0,30,30,62,34,14,30,42,35,0,8050315
148500,0,30,30,62,34,14,30,42,35,0,8050315
149400,0,30,30,62,34,14,30,42,35,0,8050315
142200,0,30,30,62,34,14,30,42,35,0,8050315
150300,0,30,30,62,34,14,30,42,35,0,8050315
149400,0,30,30,62,69,14,30,42,35,0,8050315
143100,0,30,30,62,34,14,30,42,35,0,8050315
151200,0,30,30,62,34,14,30,42,35,0,8050315
150300,0,30,30,62,34,14,30,42,35,0,8050315
144000,0,30,30,62,34,14,30,42,35,0,8050315
152100,0,30,30,62,34,14,30,42,35,0,8050315
151200,0,30,30,62,34,14,30,42,35,0,8050315
144900,0,30,30,62,15,14,30,42,35,0,8050315
153000,0,30,30,62,34,14,30,42,35,0,8050315
152100,0,30,30,62,34,14,30,42,35,0,8050315
145800,0,30,30,62,34,14,30,42,35,0,8050315
153900,0,30,30,62,34,14,30,42,35,0,8050315
153000,0,30,30,62,34,14,30,42,35,0,8050315
146700,0,30,30,62,34,14,30,42,35,0,8050315
154800,0,30,30,62,34,14,30,42,35,0,8050315
153900,0,30,30,62,34,14,30,42,35,0,8050315
147600,0,30,30,62,34,14,30,42,35,0,8050315
154800,0,30,30,62,15,14,30,42,35,0,8050315
155700,0,30,30,62,34,14,30,42,35,0,8050315
148500,0,30,30,62,34,14,30,42,35,0,8050315
156600,0,30,30,62,34,14,30,42,35,0,8050315
155700,0,30,30,62,34,14,30,42,35,0,8050315
149400,0,30,30,62,34,14,30,42,35,0,8050315
157500,0,30,30,62,34,14,30,42,35,0,8050315
156600,0,30,30,62,34,14,30,42,35,0,8050315
158400,0,30,30,62,34,14,30,42,35,0,8050315
150300,0,30,30,62,34,14,30,42,35,0,8050315
157500,0,30,30,62,34,14,30,42,35,0,8050315
151200,0,30,30,62,15,14,30,42,35,0,8050315
159300,0,30,30,62,34,14,30,42,35,0,8050315
158400,0,30,30,62,34,14,30,42,35,0,8050315
160200,0,30,30,62,34,14,30,42,35,0,8050315
159300,0,30,30,62,34,14,30,42,35,0,8050315
161100,0,30,30,62,34,14,30,42,35,0,8050315
160200,0,30,30,62,34,14,30,42,35,0,8050315
161100,0,30,30,62,34,14,30,42,35,0,8050315
162000,0,30,30,62,34,14,30,42,35,0,8050315
162900,0,30,30,62,34,14,30,42,35,0,8050315
162000,0,30,30,62,34,14,30,42,35,0,8050315
162900,0,30,30,25,34,14,30,42,35,0,8050315
152100,0,30,30,62,34,14,30,42,35,0,8050315
163800,0,30,30,62,34,14,30,42,35,0,8050315
163800,0,30,30,62,34,14,30,42,35,0,8050315
153000,0,30,30,62,34,14,30,42,35,0,8050315
164700,0,30,30,62,34,14,30,42,35,0,8050315
164700,0,30,30,62,34,30,30,42,35,0,8050315
153900,0,30,30,62,34,14,30,42,35,0,8050315
165600,0,30,30,62,69,14,30,42,35,0,8050315
165600,0,30,30,62,69,14,30,42,35,0,8050315
154800,0,30,30,62,34,14,30,42,35,0,8050315
166500,0,30,30,62,34,14,30,42,35,0,8050315
166500,0,30,30,62,34,14,30,42,35,0,8050315
155700,0,30,30,62,34,14,30,42,35,0,8050315
167400,0,30,30,62,34,14,30,42,35,0,8050315
167400,0,30,30,62,34,14,30,42,35,0,8050315
156600,0,30,30,62,34,14,30,42,35,0,8050315
168300,0,30,30,62,34,14,30,42,35,0,8050315
168300,0,30,30,62,34,14,30,42,35,0,8050315
157500,0,30,30,62,34,14,30,42,35,0,8050315
169200,0,30,30,62,34,14,30,42,35,0,8050315
169200,0,30,30,62,34,14,30,42,35,0,8050315
158400,0,30,30,62,34,14,30,42,35,0,8050315
170100,0,30,30,62,69,14,30,42,35,0,8050315
159300,0,30,30,62,34,14,30,42,35,0,8050315
171000,0,30,30,62,34,14,30,42,35,0,8050315
160200,0,30,30,62,34,14,30,42,35,0,8050315
161100,0,30,30,62,34,14,30,42,35,0,8050315
171900,0,30,30,62,34,14,30,42,35,0,8050315
170100,0,30,30,62,34,30,30,42,35,0,8050315
162000,0,30,30,62,34,14,30,42,35,0,8050315
171000,0,30,30,62,34,14,30,42,35,0,8050315
172800,0,30,30,62,34,14,30,42,35,0,8050315
162900,0,30,30,62,34,14,30,42,35,0,8050315
173700,0,30,30,62,34,14,30,42,35,0,8050315
171900,0,30,30,62,34,14,30,42,35,0,8050315
163800,0,30,30,62,34,14,30,42,35,0,8050315
174600,0,30,30,62,34,14,30,42,35,0,8050315
172800,0,30,30,62,34,14,30,42,35,0,8050315
173700,0,30,30,62,34,14,30,42,35,0,8050315
164700,0,30,30,62,34,14,30,42,35,0,8050315
175500,0,30,30,62,34,14,30,42,35,0,8050315
165600,0,30,30,62,34,14,30,42,35,0,8050315
176400,0,30,30,62,34,14,30,42,35,0,8050315
166500,0,30,30,62,34,14,30,42,35,0,8050315
177300,0,30,30,62,34,14,30,42,35,0,8050315
174600,0,30,30,62,34,14,30,42,35,0,8050315
167400,0,30,30,62,34,14,30,42,35,0,8050315
178200,0,30,30,62,34,14,30,42,35,0,8050315
175500,0,30,30,62,34,14,30,42,35,0,8050315
168300,0,30,30,62,34,14,30,42,35,0,8050315
179100,0,30,30,62,34,14,30,42,35,0,8050315
176400,0,30,30,62,34,14,30,42,35,0,8050315
169200,0,30,30,62,34,14,30,42,35,0,8050315
180000,0,30,30,62,15,14,30,42,35,0,8050315
170100,0,30,30,62,34,14,30,42,35,0,8050315
177300,0,30,30,62,34,14,30,42,35,0,8050315
171000,0,30,30,62,15,14,30,42,35,0,8050315
180900,0,30,30,62,34,14,30,42,35,0,8050315
178200,0,30,30,26,34,14,30,42,35,0,8050315
171900,0,30,30,62,34,14,30,42,35,0,8050315
181800,0,30,30,62,34,14,30,42,35,0,8050315
179100,0,30,30,62,15,14,30,42,35,0,8050315
172800,0,30,30,62,69,14,30,42,35,0,8050315
182700,0,30,30,62,34,14,30,42,35,0,8050315
180000,0,30,30,62,34,14,30,42,35,0,8050315
173700,0,30,30,62,34,14,30,42,35,0,8050315
183600,0,30,30,62,34,14,30,42,35,0,8050315
180900,0,30,30,62,34,14,30,42,35,0,8050315
174600,0,30,30,62,34,14,30,42,35,0,8050315
184500,0,30,30,62,34,14,30,42,35,0,8050315
181800,0,30,30,62,34,14,30,42,35,0,8050315
175500,0,30,30,62,34,14,30,42,35,0,8050315
182700,0,30,30,62,69,14,30,42,35,0,8050315
185400,0,30,30,62,69,14,30,42,35,0,8050315
176400,0,30,30,62,34,14,30,42,35,0,8050315
183600,0,30,30,62,34,14,30,42,35,0,8050315
186300,0,30,30,62,34,14,30,42,35,0,8050315
177300,0,30,30,62,34,14,30,42,35,0,8050315
184500,0,30,30,62,34,14,30,42,35,0,8050315
187200,0,30,30,62,34,14,30,42,35,0,8050315
178200,0,30,30,62,34,14,30,42,35,0,8050315
185400,0,30,30,62,34,14,30,42,35,0,8050315
188100,0,30,30,62,34,14,30,42,35,0,8050315
179100,0,30,10,62,34,14,30,42,35,0,8050315
186300,0,30,30,62,22,30,30,42,35,0,8050315
180000,0,30,30,62,34,14,30,42,35,0,8050315
189000,0,30,30,62,34,14,30,42,35,0,8050315
187200,0,30,30,62,34,14,30,42,35,0,8050315
180900,0,30,30,62,34,14,30,42,35,0,8050315
188100,0,30,30,62,34,14,30,42,35,0,8050315
181800,0,30,30,62,34,14,30,42,35,0,8050315
189000,0,30,30,62,34,14,30,42,35,0,8050315
189900,0,30,30,62,34,14,30,42,35,0,8050315
182700,0,30,30,62,34,14,30,42,35,0,8050315
189900,0,30,30,62,34,14,30,42,35,0,8050315
190800,0,30,30,62,34,14,30,42,35,0,8050315
183600,0,30,30,62,34,14,30,42,35,0,8050315
190800,0,30,30,62,34,14,30,42,35,0,8050315
184500,0,30,30,62,34,14,30,42,35,0,8050315
191700,0,30,30,62,34,14,30,42,35,0,8050315
191700,0,30,30,62,34,14,30,42,35,0,8050315
185400,0,30,30,62,34,14,30,42,35,0,8050315
192600,0,30,30,62,34,14,30,42,35,0,8050315
192600,0,30,30,62,34,14,30,42,35,0,8050315
193500,0,30,30,62,34,14,30,42,35,0,8050315
186300,0,30,30,62,34,14,30,42,35,0,8050315
193500,0,30,30,62,34,14,30,42,35,0,8050315
194400,0,30,30,36,34,14,30,42,35,0,8050315
194400,0,30,30,62,34,14,30,42,35,0,8050315
187200,0,30,30,62,34,30,30,42,35,0,8050315
195300,0,30,30,62,34,14,30,42,35,0,8050315
188100,0,30,30,62,34,14,30,42,35,0,8050315
195300,0,30,30,62,34,14,30,42,35,0,8050315
189000,0,30,30,62,34,14,30,42,35,0,8050315
196200,0,30,30,62,34,14,30,42,35,0,8050315
196200,0,30,30,62,34,14,30,42,35,0,8050315
189900,0,30,30,62,69,14,30,42,35,0,8050315
197100,0,30,30,62,34,14,30,42,35,0,8050315
197100,0,30,30,62,34,14,30,42,35,0,8050315
190800,0,30,30,62,34,14,30,42,35,0,8050315
198000,0,30,30,62,34,14,30,42,35,0,8050315
191700,0,30,30,62,69,14,30,42,35,0,8050315
198900,0,30,30,62,34,14,30,42,35,0,8050315
198000,0,30,30,62,34,14,30,42,35,0,8050315
192600,0,30,30,62,15,14,30,42,35,0,8050315
198900,0,30,30,62,34,14,30,42,35,0,8050315
193500,0,30,30,62,34,14,30,42,35,0,8050315
199800,0,30,30,62,34,14,30,42,35,0,8050315
199800,0,30,30,62,34,14,30,42,35,0,8050315
194400,0,30,30,62,34,14,30,42,35,0,8050315
200700,0,30,30,62,34,14,30,42,35,0,8050315
200700,0,30,30,62,26,14,30,42,35,0,8050315
195300,0,30,30,62,34,14,30,42,35,0,8050315
201600,0,30,30,62,34,14,30,42,35,0,8050315
201600,0,30,30,26,34,14,30,42,35,0,8050315
196200,0,30,30,62,34,14,30,42,35,0,8050315
202500,0,30,30,62,34,14,30,42,35,0,8050315
202500,0,30,30,62,34,14,30,42,35,0,8050315
197100,0,30,30,62,34,14,30,42,35,0,8050315
203400,0,30,30,62,34,14,30,42,35,0,8050315
203400,0,30,30,62,34,14,30,42,35,0,8050315
198000,0,30,30,62,34,14,30,42,35,0,8050315
204300,0,30,30,62,34,14,30,42,35,0,8050315
204300,0,30,30,62,34,14,30,42,35,0,8050315
198900,0,30,30,62,34,14,30,42,35,0,8050315
205200,0,30,30,62,34,14,30,42,35,0,8050315
205200,0,30,30,62,34,14,30,42,35,0,8050315
206100,0,30,30,62,34,14,30,42,35,0,8050315
199800,0,30,30,62,34,14,30,42,35,0,8050315
206100,0,30,30,62,34,14,30,42,35,0,8050315
207000,0,30,30,62,34,14,30,42,35,0,8050315
207000,0,30,30,62,34,14,30,42,35,0,8050315
200700,0,30,30,26,34,14,30,42,35,0,8050315
207900,0,30,30,62,50,14,30,42,35,0,8050315
207900,0,30,30,62,34,14,30,42,35,0,8050315
201600,0,30,30,62,34,14,30,42,35,0,8050315
208800,0,30,30,62,34,14,30,42,35,0,8050315
208800,0,30,30,62,15,14,30,42,35,0,8050315
202500,0,30,30,62,34,14,30,42,35,0,8050315
209700,0,30,30,15,34,14,30,42,15,0,8050315
209700,0,30,30,62,34,7,30,42,35,0,8050315
203400,0,30,30,26,34,14,30,42,35,0,8050315
210600,0,30,30,62,34,14,30,42,35,0,8050315
204300,0,30,30,62,34,14,30,42,35,0,8050315
210600,0,30,30,62,34,14,30,42,35,0,8050315
211500,0,30,30,62,15,14,30,42,35,0,8050315
205200,0,30,30,62,34,14,30,42,35,0,8050315
211500,0,30,30,62,34,14,30,42,35,0,8050315
212400,0,30,30,62,34,14,30,42,35,0,8050315
206100,0,30,30,62,34,14,30,42,35,0,8050315
213300,0,30,30,62,34,14,30,42,35,0,8050315
212400,0,22,30,62,34,14,30,42,35,0,8050315
207000,0,30,30,62,34,14,30,42,35,0,8050315
213300,0,30,30,62,34,14,30,42,35,0,8050315
207900,0,30,30,62,34,14,30,42,35,0,8050315
214200,0,30,30,62,34,14,30,42,35,0,8050315
214200,0,30,30,62,34,14,30,42,35,0,8050315
208800,0,30,30,62,34,14,30,42,35,0,8050315
215100,0,30,30,62,41,14,30,42,35,0,8050315
215100,0,30,30,62,34,14,30,42,35,0,8050315
209700,0,30,30,62,34,14,30,42,35,0,8050315
216000,0,30,30,62,34,14,30,42,35,0,8050315
210600,0,30,30,62,34,14,30,42,35,0,8050315
216000,0,30,30,62,34,14,30,42,35,0,8050315
216900,0,30,30,62,34,14,30,42,35,0,8050315
211500,0,30,30,62,34,14,30,42,35,0,8050315
216900,0,30,30,62,34,14,30,42,35,0,8050315
217800,0,30,30,62,34,14,30,42,35,0,8050315
217800,0,30,30,62,34,30,30,42,35,0,8050315
212400,0,30,30,62,34,14,30,42,35,0,8050315
218700,0,30,30,62,34,14,30,42,35,0,8050315
213300,0,30,30,62,34,14,30,42,35,0,8050315
218700,0,30,30,62,15,14,30,42,35,0,8050315
219600,0,30,30,62,41,14,30,42,35,0,8050315
214200,0,30,30,62,34,14,30,42,29,0,8050315
219600,0,30,30,62,15,14,30,42,35,0,8050315
220500,0,30,30,62,34,14,30,42,35,0,8050315
215100,0,30,30,62,34,14,30,42,35,0,8050315
220500,0,30,30,62,34,14,30,42,35,0,8050315
221400,0,30,30,62,34,14,30,42,35,0,8050315
216000,0,30,30,62,34,14,30,42,35,0,8050315
221400,0,30,30,62,34,14,30,42,35,0,8050315
216900,0,30,30,62,34,14,30,42,35,0,8050315
222300,0,30,30,62,34,14,30,42,35,0,8050315
222300,0,30,30,62,34,14,30,42,35,0,8050315
217800,0,30,30,62,34,14,30,42,35,0,8050315
223200,0,30,30,62,34,7,30,42,35,0,8050315
218700,0,30,30,62,34,14,30,42,35,0,8050315
224100,0,30,30,62,15,14,30,42,35,0,8050315
223200,0,30,30,62,34,14,30,42,35,0,8050315
219600,0,30,30,62,34,14,30,42,35,0,8050315
220500,0,30,30,62,34,14,30,42,35,0,8050315
225000,0,30,30,62,34,14,30,42,35,0,8050315
224100,0,30,30,62,34,14,30,42,35,0,8050315
221400,0,30,30,62,34,14,30,42,35,0,8050315
225900,0,30,30,62,34,14,30,42,35,0,8050315
226800,0,30,30,62,50,14,30,42,35,0,8050315
222300,0,30,30,62,34,14,30,42,35,0,8050315
223200,0,30,30,62,34,14,30,42,35,0,8050315
227700,0,30,30,62,34,14,30,42,35,0,8050315
228600,0,30,30,62,34,14,30,42,35,0,8050315
224100,0,30,30,62,34,14,30,42,35,0,8050315
229500,0,30,30,62,34,14,30,42,35,0,8050315
225000,0,30,30,62,34,14,30,42,35,0,8050315
225000,0,30,30,62,34,14,30,42,35,0,8050315
225900,0,30,30,62,34,14,30,42,35,0,8050315
230400,0,30,30,62,34,14,30,42,35,0,8050315
225900,0,30,30,62,34,14,30,42,35,0,8050315
226800,0,30,30,62,34,14,30,42,35,0,8050315
231300,0,30,30,62,34,14,30,42,35,0,8050315
226800,0,30,30,62,34,14,30,42,35,0,8050315
227700,0,30,30,62,34,14,30,42,35,0,8050315
227700,0,30,14,62,34,14,30,42,35,0,8050315
232200,0,30,30,62,34,14,30,42,35,0,8050315
228600,0,30,30,62,34,14,30,42,35,0,8050315
233100,0,30,30,62,34,14,30,42,35,0,8050315
228600,0,30,30,62,34,14,30,42,35,0,8050315
229500,0,30,30,53,34,14,30,42,35,0,8050315
234000,0,30,30,62,34,14,30,42,35,0,8050315
229500,0,30,30,62,34,14,30,42,35,0,8050315
230400,0,30,30,62,34,14,30,42,35,0,8050315
234900,0,30,30,62,34,14,30,42,35,0,8050315
230400,0,30,30,62,34,14,30,42,15,0,8050315
231300,0,30,30,62,34,14,30,42,35,0,8050315
231300,0,30,30,62,34,14,30,42,35,0,8050315
235800,0,30,30,62,34,14,30,42,35,0,8050315
232200,0,30,30,62,34,14,30,42,35,0,8050315
232200,0,30,30,62,34,14,30,42,35,0,8050315
236700,0,30,30,62,34,14,30,42,35,0,8050315
233100,0,30,30,62,34,14,30,42,35,0,8050315
233100,0,30,30,62,34,14,30,42,35,0,8050315
237600,0,30,30,62,34,14,30,42,35,0,8050315
234000,0,30,30,62,34,14,30,42,35,0,8050315
234000,0,30,30,62,34,14,30,42,35,0,8050315
234900,0,30,30,62,34,14,30,42,35,0,8050315
238500,0,30,30,62,34,14,30,42,35,0,8050315
234900,0,30,30,62,34,14,30,42,35,0,8050315
235800,0,30,30,62,69,14,30,42,35,0,8050315
235800,0,30,30,62,34,14,30,42,65,0,8050315
239400,0,30,30,62,34,14,30,42,35,0,8050315
236700,0,30,30,62,34,14,30,42,35,0,8050315
236700,0,30,30,62,34,14,30,42,35,0,8050315
240300,0,30,30,62,34,14,30,42,35,0,8050315
237600,0,30,30,62,34,14,30,42,35,0,8050315
237600,0,30,30,62,34,14,30,42,35,0,8050315
241200,0,30,30,62,34,14,30,42,35,0,8050315
238500,0,30,30,62,34,14,30,42,35,0,8050315
239400,0,30,30,62,34,14,30,42,35,0,8050315
242100,0,30,30,62,34,14,30,42,35,0,8050315
238500,0,30,30,62,34,14,30,42,35,0,8050315
243000,0,30,30,62,34,14,30,42,35,0,8050315
239400,0,30,30,62,34,14,30,42,35,0,8050315
243900,0,30,30,62,34,14,30,42,35,0,8050315
240300,0,30,30,62,34,14,30,42,35,0,8050315
240300,0,30,30,62,34,14,30,42,35,0,8050315
244800,0,30,30,43,34,14,30,42,35,0,8050315
241200,0,30,30,62,34,14,30,42,35,0,8050315
241200,0,30,30,62,34,14,30,42,35,0,8050315
245700,0,30,30,62,34,14,30,42,35,0,8050315
242100,0,30,30,62,15,14,30,42,35,0,8050315
242100,0,30,30,62,34,14,30,42,35,0,8050315
246600,0,30,30,62,34,14,30,42,35,0,8050315
243000,0,30,30,62,34,14,30,42,35,0,8050315
243000,0,30,30,62,34,14,30,42,35,0,8050315
247500,0,30,30,62,34,14,30,42,35,0,8050315
243900,0,30,30,62,34,14,30,42,35,0,8050315
248400,0,30,30,62,34,14,30,42,35,0,8050315
244800,0,30,30,62,34,14,30,42,35,0,8050315
243900,0,30,30,62,34,14,30,42,35,0,8050315
249300,0,30,30,62,34,14,30,42,35,0,8050315
245700,0,30,30,62,34,14,30,42,35,0,8050315
250200,0,30,30,62,15,14,30,42,35,0,8050315
244800,0,30,30,62,34,14,30,42,35,0,8050315
246600,0,30,30,62,34,14,30,42,35,0,8050315
251100,0,30,30,62,34,14,30,42,35,0,8050315
245700,0,30,30,62,34,14,30,42,35,0,8050315
252000,0,30,30,62,34,14,30,42,35,0,8050315
247500,0,30,30,62,34,14,30,42,35,0,8050315
246600,0,30,30,62,34,14,30,42,35,0,8050315
252900,0,30,30,62,34,14,30,42,35,0,8050315
248400,0,30,30,62,34,14,30,42,35,0,8050315
247500,0,30,30,62,34,14,30,42,35,0,8050315
253800,0,30,30,62,34,14,30,42,35,0,8050315
249300,0,30,30,62,34,14,30,42,35,0,8050315
248400,0,30,30,62,34,14,30,42,35,0,8050315
254700,0,30,30,62,34,14,30,42,35,0,8050315
250200,0,30,30,62,34,14,30,42,35,0,8050315
249300,0,30,30,62,34,14,30,42,35,0,8050315
255600,0,30,30,62,34,14,30,42,35,0,8050315
251100,0,30,30,62,34,14,30,42,35,0,8050315
250200,0,30,30,62,34,14,30,42,35,0,8050315
256500,0,30,30,62,34,14,30,42,35,0,8050315
252000,0,30,30,62,34,14,30,42,35,0,8050315
251100,0,30,30,62,34,14,30,42,35,0,8050315
257400,0,30,30,62,34,14,30,42,35,0,8050315
252000,0,30,30,62,34,14,30,42,35,0,8050315
252900,0,30,30,62,15,14,30,42,35,0,8050315
258300,0,30,30,62,69,14,30,42,35,0,8050315
252900,0,30,30,62,34,14,30,42,35,0,8050315
253800,0,30,30,62,34,14,30,42,35,0,8050315
253800,0,30,30,62,34,14,30,42,35,0,8050315
254700,0,30,30,62,34,30,30,42,35,0,8050315
259200,0,30,30,62,34,30,30,42,35,0,8050315
254700,0,30,30,62,34,14,30,42,35,0,8050315
260100,0,30,30,62,34,14,30,42,35,0,8050315
255600,0,30,30,62,34,14,30,42,35,0,8050315
255600,0,30,30,62,34,14,30,42,35,0,8050315
261000,0,30,30,62,34,14,30,42,35,0,8050315
256500,0,30,30,62,34,14,30,42,35,0,8050315
261900,0,30,30,62,34,14,30,42,35,0,8050315
256500,0,30,30,62,22,14,30,42,35,0,8050315
257400,0,30,30,62,34,14,30,42,35,0,8050315
262800,0,30,30,62,34,14,30,42,35,0,8050315
257400,0,30,30,62,34,14,30,42,35,0,8050315
258300,0,30,30,62,34,14,30,42,35,0,8050315
263700,0,30,30,62,34,14,30,42,35,0,8050315
258300,0,30,30,62,15,14,30,42,35,0,8050315
259200,0,30,30,62,34,14,30,42,35,0,8050315
264600,0,30,30,62,34,14,30,42,35,0,8050315
259200,0,30,30,62,34,14,30,42,35,0,8050315
265500,0,30,30,62,34,14,30,42,35,0,8050315
260100,0,30,30,62,34,14,30,42,35,0,8050315
266400,0,30,30,62,34,14,30,42,35,0,8050315
261000,0,30,30,62,34,14,30,42,35,0,8050315
267300,0,30,30,62,34,14,30,42,35,0,8050315
261900,0,30,30,62,34,14,30,42,35,0,8050315
268200,0,30,30,62,34,14,30,42,35,0,8050315
262800,0,30,30,62,34,14,30,42,35,0,8050315
269100,0,30,30,62,69,14,30,42,35,0,8050315
263700,0,30,30,20,34,14,30,42,35,0,8050315
270000,0,30,30,62,34,14,30,42,35,0,8050315
270900,0,30,30,62,34,14,30,42,35,0,8050315
264600,0,30,30,62,34,14,30,42,35,0,8050315
271800,0,30,30,62,34,14,30,42,35,0,8050315
265500,0,30,30,62,34,14,30,42,35,0,8050315
266400,0,30,30,62,34,14,30,42,35,0,8050315
267300,0,30,30,62,34,14,30,42,35,0,8050315
268200,0,30,30,62,34,14,30,42,35,0,8050315
269100,0,30,30,62,34,14,30,42,35,0,8050315
270000,0,30,30,62,34,14,30,42,35,0,8050315
270900,0,30,30,66,34,14,30,42,35,0,8050315
271800,0,30,30,62,34,14,30,42,35,0,8050315
272700,0,30,30,62,34,14,30,42,35,0,8050315
273600,0,30,30,62,34,14,30,42,35,0,8050315
274500,0,30,30,62,69,14,30,42,35,0,8050315
275400,0,30,30,62,34,14,30,42,35,0,8050315
276300,0,30,30,62,34,14,30,42,35,0,8050315
277200,0,30,30,62,34,14,30,42,35,0,8050315
278100,0,5,30,62,34,14,30,42,35,0,8050315
279000,0,30,30,62,34,14,30,42,35,0,8050315
279900,0,30,30,62,34,14,30,42,35,0,8050315
280800,0,30,30,62,34,14,30,42,35,0,8050315
281700,0,30,30,62,34,14,30,42,35,0,8050315
282600,0,30,30,62,34,14,30,42,35,0,8050315
283500,0,30,30,62,34,14,30,42,35,0,8050315
284400,0,30,30,62,34,14,30,42,35,0,8050315
900,-227.0268,10,21,10,31,10,21,14,27,29.2074356079102,8050315
285300,0,30,30,62,34,14,30,42,35,0,8050315
286200,0,30,30,62,34,14,30,42,35,0,8050315
1800,-16.2855,30,30,26,15,30,30,42,35,29.2074356079102,8050315
287100,0,30,30,62,34,14,30,42,35,0,8050315
288000,0,30,30,62,34,14,30,42,35,0,8050315
288900,0,30,30,62,34,14,30,42,35,0,8050315
289800,0,30,30,62,34,14,30,42,35,0,8050315
290700,0,30,30,62,34,14,30,42,35,0,8050315
2700,-231.7146,7,30,26,15,30,30,42,35,26.068042755127,8050315
291600,0,30,30,62,34,14,30,42,35,0,8050315
292500,0,30,30,62,34,14,30,42,35,0,8050315
293400,0,30,30,62,34,14,30,42,35,0,8050315
294300,0,30,30,62,34,14,30,42,35,0,8050315
295200,0,30,30,62,34,14,30,42,35,0,8050315
296100,0,30,30,62,34,14,30,42,35,0,8050315
297000,0,30,30,62,34,14,30,42,35,0,8050315
297900,0,30,30,62,34,14,30,42,35,0,8050315
3600,-261.2294,30,30,26,15,30,30,42,35,26.2403163909912,8050315
298800,0,30,30,62,34,14,30,42,35,0,8050315
4500,-11.3154,30,30,62,34,30,30,42,35,26.2403163909912,8050315
299700,0,30,30,62,34,14,30,42,35,0,8050315
300600,0,30,30,62,34,14,30,42,35,0,8050315
301500,0,30,30,62,34,14,30,42,35,0,8050315
302400,0,30,30,62,34,14,30,42,35,0,8050315
303300,0,30,5,62,34,14,30,42,35,0,8050315
304200,0,30,30,62,34,14,30,42,35,0,8050315
305100,0,30,30,62,34,14,30,42,35,0,8050315
306000,0,30,30,62,34,14,30,42,35,0,8050315
306900,0,30,30,62,34,14,30,42,35,0,8050315
5400,-58.2527,30,30,62,34,14,30,42,35,26.5252513885498,8050315
307800,0,30,30,62,34,14,30,42,35,0,8050315
308700,0,30,30,62,34,14,30,42,35,0,8050315
309600,0,30,30,62,34,14,30,42,35,0,8050315
310500,0,30,30,62,34,14,30,42,35,0,8050315
6300,-58.4047,30,30,62,34,14,30,42,35,25.3712062835693,8050315
311400,0,30,6,62,34,14,30,42,35,0,8050315
312300,0,30,30,18,69,14,30,42,35,0,8050315
313200,0,30,30,62,34,14,30,42,35,0,8050315
314100,0,30,30,62,34,14,30,42,35,0,8050315
315000,0,5,30,62,69,14,30,42,35,0,8050315
7200,-117.1518,30,30,62,34,14,30,42,35,25.3712062835693,8050315
315900,0,30,30,62,34,14,30,42,35,0,8050315
316800,0,30,30,62,34,14,30,42,35,0,8050315
317700,0,30,30,62,34,14,30,42,35,0,8050315
318600,0,30,30,62,34,14,30,42,35,0,8050315
8100,-130.2369,30,30,62,34,14,30,42,35,26.1495265960693,8050315
319500,0,30,30,62,22,14,30,42,35,0,8050315
320400,0,30,30,62,34,14,30,42,35,0,8050315
9000,-34.6977,30,30,62,34,14,30,42,35,23.3365936279297,8050315
321300,0,30,30,62,34,14,30,42,35,0,8050315
322200,0,30,30,62,34,14,30,42,35,0,8050315
323100,0,30,30,62,34,14,30,42,35,0,8050315
324000,0,30,30,62,34,14,30,42,35,0,8050315
324900,0,30,30,62,34,14,30,42,35,0,8050315
325800,0,30,30,62,34,14,30,42,35,0,8050315
326700,0,30,30,62,34,14,30,42,35,0,8050315
327600,0,30,30,62,34,14,30,42,35,0,8050315
328500,0,30,30,62,34,14,30,42,35,0,8050315
9900,-314.2768,30,30,58,34,14,30,36,35,31.5188331604004,8050315
329400,0,30,30,62,34,14,30,59,35,0,8050315
330300,0,30,30,62,69,14,30,42,35,0,8050315
331200,0,30,30,62,34,14,30,42,35,0,8050315
10800,-42.26,30,30,58,34,30,30,36,33,31.5188331604004,8050315
332100,0,30,30,62,37,14,30,42,35,0,8050315
333000,0,30,5,62,34,14,30,42,35,0,8050315
333900,0,30,30,62,34,14,30,42,35,0,8050315
11700,-58.1516,30,30,62,34,14,30,42,35,24.5498790740967,8050315
334800,0,30,30,62,34,14,30,42,35,0,8050315
335700,0,30,30,62,34,14,30,42,35,0,8050315
336600,0,30,30,62,34,14,30,42,35,0,8050315
337500,0,30,30,62,34,14,30,42,35,0,8050315
338400,0,30,30,62,34,14,30,42,35,0,8050315
339300,0,30,30,62,34,14,30,42,35,0,8050315
340200,0,30,30,62,34,14,30,42,35,0,8050315
341100,0,30,30,62,34,14,30,42,35,0,8050315
12600,-369.876,30,30,62,34,14,30,42,35,23.5893840789795,8050315
342000,0,30,30,62,34,14,30,42,35,0,8050315
342900,0,30,30,62,34,14,30,42,35,0,8050315
343800,0,30,30,62,69,14,30,42,35,0,8050315
13500,-19.5416,30,30,62,34,14,30,42,35,23.5893840789795,8050315
344700,0,30,30,62,34,14,30,42,35,0,8050315
345600,0,30,30,62,34,14,30,42,35,0,8050315
346500,0,30,30,62,34,14,30,42,35,0,8050315
347400,0,30,30,62,34,14,30,42,35,0,8050315
348300,0,30,30,62,34,14,30,42,35,0,8050315
349200,0,30,30,62,34,14,30,42,35,0,8050315
350100,0,30,30,15,34,14,30,42,35,0,8050315
351000,0,30,30,62,50,14,30,42,35,0,8050315
351900,0,30,30,62,34,14,30,42,35,0,8050315
352800,0,30,30,62,34,14,30,42,35,0,8050315
353700,0,30,30,62,34,14,30,42,35,0,8050315
354600,0,30,30,62,34,30,30,42,35,0,8050315
355500,0,30,30,62,34,14,30,42,35,0,8050315
356400,0,30,30,62,34,14,30,42,35,0,8050315
357300,0,30,30,15,34,14,30,42,35,0,8050315
358200,0,30,30,62,34,14,30,42,35,0,8050315
359100,0,30,30,62,34,14,30,42,35,0,8050315
360000,0,30,30,62,34,14,30,42,35,0,8050315
360900,0,30,30,62,34,14,30,42,35,0,8050315
361800,0,30,30,62,34,14,30,42,35,0,8050315
362700,0,30,30,62,69,14,30,42,35,0,8050315
363600,0,30,30,62,34,14,30,42,35,0,8050315
364500,0,30,30,62,34,14,30,42,35,0,8050315
365400,0,30,30,62,34,14,30,42,35,0,8050315
366300,0,30,30,62,34,14,30,42,35,0,8050315
367200,0,30,30,62,69,14,30,42,35,0,8050315
368100,0,30,30,62,34,14,30,42,35,0,8050315
369000,0,30,30,62,34,30,30,42,35,0,8050315
369900,0,30,30,62,34,14,30,42,35,0,8050315
370800,0,30,30,62,34,14,30,42,35,0,8050315
371700,0,30,30,62,34,14,30,42,35,0,8050315
372600,0,30,30,62,34,14,30,42,35,0,8050315
373500,0,30,30,62,34,14,30,42,35,0,8050315
374400,0,30,30,62,34,14,30,42,35,0,8050315
375300,0,30,30,62,34,14,30,42,35,0,8050315
376200,0,30,30,62,34,14,30,42,35,0,8050315
377100,0,30,30,62,69,14,30,42,35,0,8050315
378000,0,30,30,62,34,14,30,42,35,0,8050315
378900,0,30,30,62,34,14,30,42,35,0,8050315
379800,0,30,30,62,34,14,30,42,35,0,8050315
380700,0,30,30,62,34,14,30,42,35,0,8050315
381600,0,30,30,62,34,14,30,42,35,0,8050315
900,-521.9759,10,30,10,37,10,30,14,33,24.4781875610352,8050322
900,-107.0692,10,30,10,37,10,30,14,33,21.9847602844238,8050322
1800,-79.5028,30,30,62,34,14,30,42,35,25.1785278320312,8050322
2700,-46.1495,30,30,62,34,14,30,42,35,26.6172676086426,8050322
1800,-122.5697,30,30,62,34,14,30,42,35,27.4245834350586,8050322
3600,-72.7222,30,30,62,34,14,30,42,35,25.5397109985352,8050322
2700,-94.908,30,30,62,34,30,30,42,35,23.6245899200439,8050322
3600,-7.6031,30,30,62,34,30,30,42,35,23.6245899200439,8050322
4500,-202.1795,30,30,62,34,14,30,42,35,24.6442489624023,8050322
4500,-322.3494,30,30,62,34,30,30,42,35,24.9864864349365,8050322
5400,-217.8865,30,30,62,34,14,30,42,35,27.325044631958,8050322
6300,-46.6705,30,30,62,34,30,30,42,35,27.325044631958,8050322
900,-249.5022,10,30,10,37,10,30,14,33,26.1949615478516,8050322
5400,-10.5012,30,30,62,34,30,30,42,35,24.9864864349365,8050322
1800,-60.3657,30,30,62,34,14,30,42,35,25.8506774902344,8050322
2700,-22.0617,30,30,62,34,14,30,42,35,25.8506774902344,8050322
6300,-32.2922,30,30,62,34,30,30,42,35,24.083179473877,8050322
7200,-1229.1824,30,30,62,34,14,30,42,35,30.9860820770264,8050322
3600,-235.408,30,30,62,34,14,30,42,35,29.3509654998779,8050322
4500,-7.5012,30,30,62,34,14,30,42,35,29.3509654998779,8050322
7200,-127.3842,30,30,62,34,14,30,42,35,32.6613922119141,8050322
8100,-186.9135,30,30,21,39,30,30,36,35,29.204761505127,8050322
900,-472.6648,10,30,10,37,10,30,14,33,24.6656875610352,8050322
1800,-4.6828,30,30,62,34,14,30,42,35,24.6656875610352,8050322
5400,-111.2035,30,30,62,34,30,30,42,35,21.8427257537842,8050322
9000,-718.202,30,30,62,34,14,30,42,35,33.3066596984863,8050322
8100,-849.8632,30,30,62,34,30,30,43,35,34.3069915771484,8050322
9000,-647.1193,30,30,62,34,30,30,43,35,34.3069915771484,8050322
2700,-409.3592,30,30,62,34,30,30,42,35,26.7140407562256,8050322
9900,-225.3011,30,30,62,39,30,30,37,33,35.528076171875,8050322
6300,-173.5113,30,30,62,34,14,30,42,35,22.1631851196289,8050322
3600,-51.4492,30,30,62,34,14,30,42,35,24.9709796905518,8050322
9900,-307.4344,30,30,21,39,30,30,36,33,33.7972793579102,8050322
10800,-228.5637,30,30,62,34,30,30,43,43,35.528076171875,8050322
7200,-25.3045,30,30,62,34,14,30,42,35,22.1631851196289,8050322
900,-307.8343,10,30,10,37,10,30,14,33,27.6767826080322,8050322
4500,-113.9651,30,30,62,34,30,30,42,35,24.9395542144775,8050322
11700,-70.5486,30,30,62,34,30,30,43,43,36.85986328125,8050322
8100,-678.5435,30,30,62,34,14,30,42,35,35.5275230407715,8050322
5400,-24.5707,30,30,62,34,14,30,42,35,24.9395542144775,8050322
10800,-111.2839,30,30,62,34,30,30,43,35,34.4415435791016,8050322
11700,-60.3464,30,30,58,34,30,30,36,33,34.4415435791016,8050322
1800,-208.8127,30,30,62,34,14,30,42,35,25.5479278564453,8050322
12600,-351.5971,30,30,58,34,30,30,36,33,30.8863296508789,8050322
9000,-87.7329,30,30,62,34,30,30,43,43,27.4526023864746,8050322
2700,-7.8087,30,30,62,34,14,30,42,35,25.5479278564453,8050322
9900,-38.523,30,30,62,34,30,30,43,43,27.4526023864746,8050322
6300,-98.0023,30,30,62,34,14,30,42,35,35.0321197509766,8050322
13500,-1139.5804,30,30,62,34,30,30,43,35,29.3041648864746,8050322
12600,-365.2488,30,30,62,34,30,30,43,35,31.2385654449463,8050322
3600,-216.4383,30,30,62,34,14,30,42,35,25.9230003356934,8050322
10800,-822.4673,30,30,62,34,14,30,42,35,34.9101905822754,8050322
7200,-1103.5663,30,30,62,34,30,30,42,35,32.5479049682617,8050322
14400,-508.5979,30,30,21,39,30,30,37,43,35.6706237792969,8050322
4500,-22.2181,30,30,62,34,14,30,42,35,25.9230003356934,8050322
8100,-106.4428,30,30,62,34,30,30,43,35,31.3975372314453,8050322
13500,-1502.1519,30,30,21,34,30,30,36,33,30.7127552032471,8050322
5400,-76.0777,30,30,62,34,14,30,42,35,24.826114654541,8050322
15300,-4130.9928,30,30,21,39,30,30,36,33,33.2775955200195,8050322
11700,-238.1649,30,30,62,34,14,30,42,35,37.102897644043,8050322
9000,-38.4797,30,30,21,34,30,30,36,35,31.3975372314453,8050322
16200,-1676.2023,30,30,21,39,30,30,36,33,34.867805480957,8050322
6300,-70.6422,30,30,62,34,30,30,42,35,29.7892112731934,8050322
14400,-281.213,30,30,62,34,30,30,43,35,38.3114776611328,8050322
12600,-61.8915,30,30,58,39,30,30,36,33,39.9388313293457,8050322
15300,-2315.064,30,30,15,34,30,30,43,43,38.3114776611328,8050322
17100,-3489.611,30,30,21,39,30,30,36,33,23.6852207183838,8050322
9900,-1230.9282,30,30,26,39,30,30,37,43,37.6509208679199,8050322
13500,-2711.9511,30,30,58,39,30,30,36,33,38.0662117004395,8050322
18000,-1915.6316,30,30,62,34,14,30,42,35,23.6852207183838,8050322
7200,-1256.0699,30,30,62,34,14,30,42,35,27.0158672332764,8050322
10800,-48.6778,30,30,21,39,30,30,36,33,37.6509208679199,8050322
16200,-4451.0058,30,30,58,34,30,30,36,33,39.1058387756348,8050322
14400,-267.4411,30,30,62,34,30,30,43,43,39.3498802185059,8050322
18900,-873.5115,30,30,62,34,14,30,42,35,21.9383506774902,8050322
17100,-1869.1494,30,30,15,34,30,30,36,43,32.1751518249512,8050322
8100,-62.4354,30,30,62,34,30,30,42,35,30.6847629547119,8050322
19800,-313.5854,30,30,62,34,14,30,42,35,21.9383506774902,8050322
15300,-3672.8599,30,30,62,34,30,30,42,35,36.9513702392578,8050322
11700,-728.7607,30,30,21,39,30,30,36,33,36.0309562683105,8050322
16200,-2095.625,30,30,62,34,14,30,42,35,36.9513702392578,8050322
9000,-469.8464,30,30,62,34,30,30,42,35,30.6847629547119,8050322
20700,-63.6984,30,30,62,34,30,30,42,35,20.5883255004883,8050322
18000,-3104.771,30,30,58,34,30,30,36,33,33.3138732910156,8050322
21600,-444.8018,30,30,62,34,14,30,42,35,21.8339920043945,8050322
12600,-160.5535,30,30,58,39,30,30,37,43,34.238224029541,8050322
13500,-331.2213,30,30,15,34,30,30,43,43,34.238224029541,8050322
22500,-1059.6425,30,30,62,34,30,30,42,35,21.4509162902832,8050322
9900,-269.3548,30,30,62,34,30,30,42,35,35.3699264526367,8050322
18900,-676.414,30,30,62,34,14,30,42,35,23.0137977600098,8050322
17100,-2433.6843,30,30,62,34,14,30,37,35,35.9630699157715,8050322
10800,-22.2613,30,30,62,34,14,30,42,35,35.3699264526367,8050322
19800,-88.1418,30,30,62,34,14,30,42,35,23.0137977600098,8050322
23400,-918.265,30,30,62,34,14,30,42,35,20.1613502502441,8050322
18000,-1741.7768,30,30,58,39,30,30,36,33,35.9630699157715,8050322
24300,-589.8791,30,30,62,34,30,30,42,35,27.8926906585693,8050322
14400,-456.9997,30,30,62,34,30,30,43,35,32.5691986083984,8050322
25200,-3761.0004,30,30,62,34,14,30,42,41,0,8050322
11700,-66.4106,30,30,62,34,30,30,43,35,32.3227386474609,8050322
26100,-7896.6306,30,30,62,34,30,30,42,35,0,8050322
27000,0,30,30,62,34,14,30,42,35,0,8050322
18900,-1207.2608,30,30,58,39,30,30,36,33,23.1904258728027,8050322
15300,-1395.3632,30,30,62,34,30,30,43,43,35.3315734863281,8050322
20700,-151.9664,30,30,62,34,14,30,42,35,21.5237731933594,8050322
27900,0,30,30,62,34,14,30,42,35,0,8050322
21600,-86.5172,30,30,62,34,14,30,42,35,23.4055557250977,8050322
28800,0,30,30,62,50,14,30,42,35,0,8050322
29700,0,30,30,62,34,14,30,42,35,0,8050322
30600,0,30,30,62,34,14,30,42,35,0,8050322
12600,-959.5665,30,30,15,34,30,30,36,33,35.5047264099121,8050322
31500,0,30,30,62,34,14,30,42,35,0,8050322
19800,-868.6364,30,30,62,34,14,30,42,35,21.0269546508789,8050322
16200,-1536.1994,30,30,58,39,30,30,36,33,39.6543960571289,8050322
32400,0,30,30,62,34,14,30,42,35,0,8050322
33300,0,30,30,62,34,14,30,42,35,0,8050322
34200,0,30,30,62,34,14,30,42,35,0,8050322
22500,-56.3223,30,30,62,34,14,30,42,35,21.1784191131592,8050322
35100,0,30,30,62,34,14,30,42,35,0,8050322
20700,-158.2633,30,30,62,34,14,30,42,35,22.9656105041504,8050322
36000,0,30,30,62,34,14,30,42,35,0,8050322
17100,-2785.0431,30,30,15,34,30,30,37,43,34.7922325134277,8050322
36900,0,30,30,62,34,14,30,42,35,0,8050322
37800,0,30,30,62,34,14,30,42,35,0,8050322
21600,-50.8578,30,30,62,34,14,30,42,35,17.8758850097656,8050322
38700,0,30,30,62,34,14,30,42,35,0,8050322
13500,-1085.3621,30,30,62,34,30,30,37,35,32.9703750610352,8050322
23400,-597.5483,30,30,62,34,14,30,42,35,24.5868606567383,8050322
39600,0,30,30,62,34,14,30,42,35,0,8050322
22500,-76.8722,30,30,62,34,14,30,42,35,17.8758850097656,8050322
40500,0,30,30,62,34,14,30,42,35,0,8050322
41400,0,30,30,62,34,14,30,42,35,0,8050322
42300,0,30,30,62,34,14,30,42,35,0,8050322
14400,-493.3937,30,30,21,34,30,30,37,43,34.882698059082,8050322
24300,-385.2087,30,30,62,34,30,30,42,35,23.5711307525635,8050322
43200,0,30,30,62,34,14,30,42,35,0,8050322
23400,-1391.93,30,30,62,34,30,30,42,35,17.8778305053711,8050322
18000,-2081.1716,30,30,15,34,30,30,37,43,20.3884811401367,8050322
44100,0,30,30,62,34,14,30,42,35,0,8050322
25200,-644.6553,30,30,26,34,30,30,42,35,24.3971347808838,8050322
18900,-382.9341,30,30,62,34,14,30,42,35,20.3884811401367,8050322
45000,0,30,30,62,34,14,30,42,35,0,8050322
26100,-751.3773,30,30,58,34,14,30,36,33,0,8050322
24300,-1171.0646,30,30,62,34,30,30,42,35,17.8778305053711,8050322
45900,0,30,30,26,34,14,30,42,35,0,8050322
27000,-11748.8029,30,5,62,34,14,30,42,35,0,8050322
46800,0,30,30,62,34,14,30,42,35,0,8050322
27900,0,30,30,62,34,14,30,42,35,0,8050322
25200,-582.4644,30,30,62,34,30,30,42,35,17.9729137420654,8050322
47700,0,30,30,62,34,14,30,42,35,0,8050322
48600,0,30,30,62,34,14,30,42,35,0,8050322
26100,-1424.7057,30,30,62,34,14,30,42,35,0,8050322
28800,0,30,30,62,34,14,30,42,35,0,8050322
15300,-2189.2876,30,30,21,39,30,30,37,43,33.8781280517578,8050322
49500,0,30,30,62,34,14,30,42,35,0,8050322
19800,-578.721,30,30,62,34,14,30,42,35,23.5754051208496,8050322
27000,-8956.1038,30,30,62,15,14,30,42,35,0,8050322
29700,0,30,30,62,34,14,30,42,35,0,8050322
50400,0,30,30,62,34,14,30,42,35,0,8050322
30600,0,30,30,62,34,14,30,42,35,0,8050322
27900,0,30,30,62,34,14,30,42,35,0,8050322
51300,0,30,30,62,34,14,30,42,35,0,8050322
31500,0,30,30,62,34,14,30,42,35,0,8050322
28800,0,30,30,62,34,14,30,42,35,0,8050322
52200,0,30,30,62,34,14,30,42,35,0,8050322
16200,-1024.6373,30,30,15,34,30,30,43,43,32.4785079956055,8050322
29700,0,30,30,62,34,14,30,42,35,0,8050322
53100,0,30,30,62,34,14,30,42,35,0,8050322
20700,-101.8465,30,30,62,34,14,30,42,35,22.7763156890869,8050322
30600,0,30,30,62,69,14,30,42,35,0,8050322
54000,0,30,30,62,34,14,30,42,35,0,8050322
54900,0,30,30,62,34,14,30,42,35,0,8050322
55800,0,30,30,62,34,14,30,42,15,0,8050322
56700,0,30,30,62,34,14,30,42,35,0,8050322
17100,-2205.7211,30,30,21,34,30,30,36,35,23.9663848876953,8050322
21600,-169.1212,30,30,62,34,30,30,42,35,19.9804630279541,8050322
57600,0,30,30,62,34,14,30,42,35,0,8050322
58500,0,30,30,62,34,14,30,42,35,0,8050322
59400,0,30,30,62,34,14,30,42,35,0,8050322
60300,0,30,30,62,34,14,30,42,35,0,8050322
18000,-928.3876,30,30,58,34,30,30,36,33,20.7536220550537,8050322
22500,-382.6133,30,30,62,34,14,30,42,35,23.2881927490234,8050322
61200,0,30,30,62,34,14,30,42,35,0,8050322
62100,0,30,30,62,34,14,30,42,35,0,8050322
63000,0,30,30,62,34,14,30,42,35,0,8050322
18900,-211.6588,30,30,62,34,14,30,42,35,20.7536220550537,8050322
23400,-147.8134,30,30,26,34,30,30,42,35,20.7442722320557,8050322
63900,0,30,30,62,34,14,30,42,35,0,8050322
24300,-715.2644,30,30,62,34,30,30,42,35,35.4345893859863,8050322
64800,0,30,30,62,34,14,30,42,35,0,8050322
65700,0,30,30,62,22,14,30,42,35,0,8050322
25200,-562.6147,30,30,62,34,14,30,42,35,0,8050322
66600,0,30,30,62,34,14,30,42,35,0,8050322
26100,-11786.9657,30,30,62,34,14,30,42,35,0,8050322
67500,0,30,30,62,34,14,30,42,35,0,8050322
68400,0,30,30,62,34,14,30,42,35,0,8050322
19800,-422.6316,30,30,62,34,14,30,42,35,20.2588005065918,8050322
27000,0,30,30,62,34,14,30,42,35,0,8050322
69300,0,30,30,62,34,14,30,42,35,0,8050322
27900,0,30,30,62,34,14,30,42,35,0,8050322
28800,0,30,30,62,34,14,30,42,35,0,8050322
29700,0,30,30,62,34,14,30,15,35,0,8050322
20700,-3.816,30,30,62,34,14,30,42,35,21.9977931976318,8050322
30600,0,30,30,62,34,14,30,42,35,0,8050322
31500,0,30,30,62,34,14,30,42,35,0,8050322
32400,0,30,30,62,34,14,30,42,35,0,8050322
21600,-124.4329,30,30,62,34,14,30,42,35,24.1854438781738,8050322
33300,0,30,30,62,34,14,30,42,35,0,8050322
34200,0,30,30,62,34,14,30,42,35,0,8050322
35100,0,30,30,62,34,14,30,42,35,0,8050322
22500,-721.3167,30,30,26,34,30,30,42,35,23.6361865997314,8050322
36000,0,30,30,62,34,14,30,42,35,0,8050322
36900,0,30,30,62,34,14,30,42,35,0,8050322
23400,-899.9886,30,30,62,34,30,30,42,35,21.3348407745361,8050322
24300,-57.3865,30,30,62,34,30,30,42,35,18.2420749664307,8050322
25200,-831.4826,30,30,62,34,14,30,42,35,0,8050322
26100,-13597.2563,30,30,62,34,14,30,42,35,0,8050322
27000,0,30,30,62,34,14,30,42,35,0,8050322
900,-302.1199,10,30,10,37,10,30,14,33,27.5007400512695,8050322
1800,-40.2839,30,30,62,34,14,30,42,35,26.5843486785889,8050322
2700,-72.2304,30,30,62,34,14,30,42,35,26.5843486785889,8050322
3600,-84.3335,30,30,62,34,14,30,42,35,27.223669052124,8050322
4500,-66.8728,30,30,62,34,14,30,42,35,24.50221824646,8050322
900,-106.0345,10,30,10,37,10,30,14,33,26.4494724273682,8050322
5400,-181.5461,30,30,62,34,14,30,42,35,26.0112743377686,8050322
1800,-285.6181,30,30,62,34,14,30,42,35,24.6681652069092,8050322
6300,-16.5797,30,30,62,34,14,30,42,35,26.0112743377686,8050322
900,-88.1933,10,30,10,37,10,30,14,33,25.2191600799561,8050322
2700,-81.0575,30,30,62,34,14,30,42,35,25.9374980926514,8050322
1800,-196.4669,30,30,62,34,30,30,42,35,33.5904693603516,8050322
7200,-222.0602,30,30,62,34,14,30,42,35,29.5559215545654,8050322
3600,-74.5742,30,30,62,34,14,30,42,35,27.6529445648193,8050322
4500,-32.104,30,30,62,34,14,30,42,35,27.6529445648193,8050322
8100,-674.5443,30,30,62,34,30,30,42,35,29.5559215545654,8050322
2700,-69.3389,30,30,62,34,14,30,42,35,25.5520896911621,8050322
5400,-148.2269,30,30,62,34,14,30,42,35,23.8031196594238,8050322
9000,-89.186,30,30,62,34,30,30,43,35,31.3724555969238,8050322
3600,-145.118,30,30,62,34,14,30,42,35,26.6883525848389,8050322
6300,-125.805,30,30,62,34,30,30,42,35,24.8630084991455,8050322
900,-303.3936,10,30,10,37,10,30,14,33,23.2088584899902,8050322
9900,-96.1272,30,30,62,34,14,30,42,35,28.3808631896973,8050322
4500,-56.2614,30,30,21,34,30,30,42,35,25.4666233062744,8050322
900,-227.7356,10,30,10,37,10,30,14,33,29.3448143005371,8050322
7200,-124.3027,30,30,62,34,14,30,42,35,31.2610721588135,8050322
1800,-107.1552,30,30,62,34,14,30,42,35,26.3452911376953,8050322
1800,-24.1577,30,30,62,34,14,30,42,35,29.3448143005371,8050322
5400,-210.6253,30,30,62,34,30,30,42,35,22.3327465057373,8050322
10800,-1782.8902,30,30,62,34,30,30,42,35,31.35964012146,8050322
8100,-850.2189,30,30,62,34,14,30,42,35,35.0885353088379,8050322
6300,-20.9435,30,30,62,34,30,30,42,35,22.3327465057373,8050322
2700,-140.0012,30,30,62,34,14,30,42,35,27.0036277770996,8050322
2700,-174.4428,30,30,62,34,14,30,42,35,28.4200916290283,8050322
9000,-44.7981,30,30,62,34,30,30,43,35,31.71462059021,8050322
11700,-18.1786,30,30,21,34,30,30,43,43,31.35964012146,8050322
3600,-84.2295,30,30,62,34,14,30,42,35,27.6657772064209,8050322
7200,-19.6972,30,30,62,34,30,30,42,35,28.8130149841309,8050322
9900,-534.5129,30,30,62,34,30,30,43,35,31.71462059021,8050322
3600,-86.438,30,30,62,34,30,30,42,35,23.9087104797363,8050322
4500,-19.429,30,30,62,34,14,30,42,35,25.5747699737549,8050322
12600,-345.6164,30,30,62,34,30,30,43,35,33.2713050842285,8050322
10800,-86.3818,30,30,62,34,30,30,37,35,34.8375473022461,8050322
4500,-84.6919,30,30,62,34,14,30,42,35,23.9230537414551,8050322
5400,-6.1633,30,30,62,34,30,30,42,35,23.9230537414551,8050322
8100,-2411.3986,30,30,62,34,30,30,42,35,31.02219581604,8050322
11700,-711.2849,30,30,58,39,30,30,36,33,37.9420928955078,8050322
13500,-1136.1904,30,30,58,39,30,30,36,33,36.7634925842285,8050322
6300,-65.916,30,30,62,34,30,30,42,35,19.8865013122559,8050322
9000,-117.1313,30,30,62,34,30,30,43,35,31.02219581604,8050322
5400,-424.1488,30,30,62,34,14,30,42,35,29.3401336669922,8050322
14400,-250.4943,30,30,15,34,30,30,36,43,36.7634925842285,8050322
7200,-1012.4582,30,30,62,34,30,30,42,35,35.3945083618164,8050322
6300,-48.8473,30,30,62,34,14,30,42,35,29.3401336669922,8050322
9900,-71.333,30,30,62,34,30,30,42,35,31.315896987915,8050322
12600,-999.6225,30,30,21,39,30,30,37,35,33.955020904541,8050322
10800,-129.8879,30,30,62,34,30,30,37,43,31.9968585968018,8050322
8100,-178.8547,30,30,62,34,30,30,43,43,31.5438346862793,8050322
7200,-114.7171,30,30,62,34,30,30,43,35,33.5094833374023,8050322
15300,-3115.3324,30,30,15,34,30,30,43,43,32.7508735656738,8050322
8100,-386.799,30,30,62,34,30,30,42,35,33.5094833374023,8050322
16200,-369.7065,30,30,58,39,30,30,36,33,32.7508735656738,8050322
13500,-97.4599,30,30,62,34,30,30,42,35,38.1462669372559,8050322
14400,-1206.1963,30,30,58,34,30,30,36,33,38.5573692321777,8050322
9000,-213.6358,30,30,62,34,14,30,42,35,30.4462985992432,8050322
11700,-160.9957,30,30,62,34,30,30,43,35,32.9446411132812,8050322
9900,-43.7201,30,30,62,34,30,30,42,35,30.4462985992432,8050322
17100,-8445.0928,30,30,58,34,30,30,36,33,29.5320510864258,8050322
9000,-1584.5916,30,30,21,39,30,30,36,33,36.2572822570801,8050322
15300,-1455.4299,30,30,58,34,30,30,43,43,42.2143058776855,8050322
12600,-422.3903,30,30,15,34,30,30,37,43,33.4436187744141,8050322
13500,-627.0307,30,30,21,34,30,30,36,33,33.4436187744141,8050322
9900,-499.3546,30,30,15,34,30,30,36,43,37.475700378418,8050322
16200,-2593.1712,30,30,58,34,30,30,36,43,37.7616310119629,8050322
18000,-2535.7109,30,30,62,34,14,30,42,35,21.4309406280518,8050322
10800,-1221.0971,30,30,62,34,30,30,43,35,38.1061706542969,8050322
18900,-2367.5661,30,30,62,34,14,30,42,33,21.4309406280518,8050322
17100,-812.2384,30,30,58,34,30,30,36,33,37.7616310119629,8050322
11700,-84.6148,30,30,21,34,30,30,36,35,38.1061706542969,8050322
10800,-111.5934,30,30,62,34,30,30,43,35,37.475700378418,8050322
18000,-2032.434,30,30,58,39,30,30,36,33,35.6641883850098,8050322
11700,-44.9767,30,30,15,34,30,30,37,43,31.5835304260254,8050322
12600,-402.3128,30,30,15,34,30,30,43,43,33.3865928649902,8050322
14400,-1357.7777,30,30,21,39,30,30,36,33,36.4840545654297,8050322
19800,-2918.988,30,30,62,34,30,30,42,35,22.2947196960449,8050322
15300,-3592.3589,30,30,62,34,30,30,43,35,36.4840545654297,8050322
18900,-1537.3085,30,30,58,34,30,30,36,33,23.5267162322998,8050322
20700,-11.3863,30,30,62,34,14,30,42,35,23.3452415466309,8050322
21600,-274.8992,30,30,62,34,14,30,42,35,23.3452415466309,8050322
19800,-177.7525,30,30,62,34,30,30,42,35,20.0013198852539,8050322
13500,-1014.6767,30,30,15,34,30,30,37,43,31.7332553863525,8050322
12600,-1003.7406,30,30,62,34,30,30,43,35,34.3638572692871,8050322
16200,-6187.6945,30,30,15,34,30,30,36,43,43.4723892211914,8050322
14400,-1604.3315,30,30,58,34,30,30,37,43,31.7332553863525,8050322
20700,-190.6951,30,30,62,34,14,30,42,35,21.2085475921631,8050322
22500,-76.3026,30,30,62,34,14,30,42,35,19.4476890563965,8050322
13500,-384.6019,30,30,15,34,30,30,43,43,37.1647872924805,8050322
21600,-272.4754,30,30,62,34,14,30,42,35,24.0053596496582,8050322
14400,-734.1034,30,30,15,34,30,30,36,33,37.1647872924805,8050322
23400,-770.1022,30,30,62,34,14,30,42,35,21.2967052459717,8050322
17100,-1006.6991,30,30,58,39,30,30,37,33,34.5638084411621,8050322
22500,-50.9278,30,30,62,34,30,30,42,35,19.9122009277344,8050322
24300,-1836.864,30,30,62,34,14,30,42,35,21.337718963623,8050322
25200,-57.9103,30,30,26,34,30,30,42,35,20.5184440612793,8050322
18000,-2532.7933,30,30,58,34,30,30,36,33,20.5775089263916,8050322
23400,-352.3366,30,30,62,34,14,30,42,35,21.8698997497559,8050322
15300,-1339.1157,30,30,15,34,30,30,36,33,45.1633186340332,8050322
26100,-1901.8633,30,30,62,34,14,30,42,35,0,8050322
27000,-10353.4929,30,30,62,34,14,30,42,35,0,8050322
27900,0,30,30,62,34,14,30,42,35,0,8050322
24300,-1543.1794,30,30,62,34,14,30,42,35,20.3280811309814,8050322
18900,-1927.7611,30,30,62,34,14,30,42,35,20.5775089263916,8050322
28800,0,30,30,62,34,14,30,42,35,0,8050322
25200,-14.0672,30,30,62,34,30,30,42,35,15.9880523681641,8050322
29700,0,30,30,62,34,14,30,42,35,0,8050322
16200,-3708.5025,30,30,15,34,30,30,43,43,35.1946601867676,8050322
26100,-5406.6307,30,30,62,34,14,30,42,35,0,8050322
30600,0,30,30,62,34,14,30,42,35,0,8050322
27000,-5821.1109,30,30,62,69,14,30,42,35,0,8050322
27900,0,30,30,62,34,25,30,42,35,0,8050322
19800,-463.9479,30,30,62,34,14,30,42,35,21.1078834533691,8050322
31500,0,30,30,62,34,14,30,42,35,0,8050322
28800,0,30,30,62,48,14,30,42,35,0,8050322
32400,0,30,30,62,34,14,30,42,35,0,8050322
20700,-101.9303,30,30,62,34,14,30,42,35,18.7791786193848,8050322
29700,0,30,30,62,34,14,30,42,35,0,8050322
33300,0,30,30,62,34,14,30,42,35,0,8050322
21600,-31.339,30,30,62,34,14,30,42,35,22.4658317565918,8050322
22500,-253.4707,30,30,62,34,14,30,42,35,22.7230453491211,8050322
23400,-462.4457,30,30,62,34,14,30,42,35,20.4818782806396,8050322
24300,-48.25,30,30,26,34,30,30,42,35,20.5474910736084,8050322
25200,-2153.7054,30,30,62,34,14,30,42,35,20.9838314056396,8050322
26100,-1447.8827,30,30,62,34,14,30,42,35,0,8050322
27000,-15798.0391,30,30,62,34,14,30,42,35,0,8050322
27900,0,30,30,62,34,14,30,42,35,0,8050322
28800,0,30,30,62,34,14,30,42,35,0,8050322
29700,0,30,30,62,34,14,30,42,35,0,8050322
30600,0,30,30,62,34,14,30,42,35,0,8050322
31500,0,30,30,62,34,14,30,42,35,0,8050322
